filename,anchor,argument,bibl,byline,c,castItem,castList,cell,choice,closer,corr,dateline,div,emph,epigraph,figure,fw,graphic,head,hi,item,l,lb,lg,link,list,milestone,note,opener,p,pb,pc,persName,placeName,postscript,q,ref,rhyme,row,salute,seg,sic,signed,sp,speaker,stage,table,title,trailer,w
letters.0492.xml,0,0,0,0,0,0,0,0,0,1,0,1,0,0,0,0,0,0,0,1,0,0,0,0,0,0,0,0,1,2,0,0,0,0,1,0,0,0,0,2,0,0,0,0,0,0,0,0,0,0
letters.0612.xml,0,0,0,0,0,0,0,0,0,1,0,1,0,0,0,0,0,0,0,9,0,0,0,0,0,0,0,0,1,4,0,0,0,0,0,0,0,0,0,1,0,0,0,0,0,0,0,0,0,0
letters.0068.xml,0,0,0,0,0,0,0,0,0,1,0,1,0,0,0,0,0,0,0,1,0,0,2,0,0,0,0,0,1,4,0,0,0,0,0,0,0,0,0,2,0,0,1,0,0,0,0,0,0,0
letters.0636.xml,0,0,0,0,0,0,0,0,0,1,0,1,0,0,0,0,0,0,0,0,0,0,3,0,0,0,0,0,1,2,0,0,0,0,0,0,0,0,0,2,0,0,1,0,0,0,0,0,0,0
letters.0244.xml,0,0,0,0,0,0,0,0,0,1,0,1,0,0,0,0,0,0,0,0,0,0,1,0,0,0,0,0,1,3,0,0,0,0,0,0,0,0,0,2,0,0,1,0,0,0,0,0,0,0
letters.0620.xml,0,0,0,0,0,0,0,0,0,1,0,1,0,0,0,0,0,0,0,0,0,0,0,0,0,0,0,0,1,8,0,0,0,0,1,0,0,0,0,1,0,0,1,0,0,0,0,0,0,0
letters.0544.xml,0,0,0,0,0,0,0,0,0,1,0,1,0,0,0,0,0,0,0,0,0,0,0,0,0,0,0,0,1,3,0,0,0,0,0,0,0,0,0,2,0,0,1,0,0,0,0,0,0,0
letters.0511.xml,0,0,0,0,0,0,0,0,0,1,0,1,0,0,0,0,0,0,0,0,0,0,1,0,0,0,0,0,1,2,0,0,0,0,0,0,0,0,0,2,0,0,1,0,0,0,0,0,0,0
letters.0622.xml,0,0,0,0,0,0,0,0,0,1,0,1,0,0,0,0,0,0,0,1,0,0,2,0,0,0,0,0,1,3,0,0,0,0,0,0,0,0,0,1,0,0,1,0,0,0,0,0,0,0
letters.0163.xml,0,0,0,0,0,0,0,0,0,1,0,0,0,0,0,0,0,0,0,2,0,0,59,0,0,0,0,0,0,9,0,0,0,0,1,2,0,0,0,1,0,0,1,0,0,0,0,0,0,0
letters.0483.xml,0,0,0,0,0,0,0,0,0,1,0,1,0,0,0,0,0,0,0,3,0,0,1,0,0,0,0,0,1,5,0,0,0,0,1,0,0,0,0,2,0,0,0,0,0,0,0,0,0,0
letters.0040.xml,0,0,0,0,0,0,0,0,0,0,0,1,0,0,0,0,0,0,0,0,0,0,0,0,0,0,0,0,1,3,0,0,0,0,0,0,0,0,0,0,0,0,0,0,0,0,0,0,0,0
letters.0033.xml,0,0,0,0,0,0,0,0,0,1,0,0,0,0,0,0,0,0,0,2,0,0,0,0,0,0,0,0,1,1,0,0,0,0,0,0,0,0,0,2,0,0,1,0,0,0,0,0,0,0
letters.0609.xml,0,0,0,0,0,0,0,0,0,1,0,1,0,0,0,0,0,0,0,5,0,0,1,0,0,0,0,0,1,3,0,0,0,0,0,0,0,0,0,2,0,0,1,0,0,0,0,0,0,0
letters.0108.xml,0,0,0,0,0,0,0,0,0,0,0,1,0,0,0,0,0,0,0,1,0,0,0,0,0,0,0,0,1,1,0,0,0,0,0,0,0,0,0,0,0,0,0,0,0,0,0,0,0,0
letters.0020.xml,0,0,0,0,0,0,0,0,0,0,0,0,0,0,0,0,0,0,0,0,0,0,0,0,0,0,0,0,0,1,0,0,0,0,0,0,0,0,0,0,0,0,0,0,0,0,0,0,0,0
letters.0019.xml,0,0,0,0,0,0,0,0,0,1,0,1,0,0,0,0,0,0,0,0,0,0,1,0,0,0,0,0,0,4,0,0,0,0,1,1,0,0,0,1,0,0,0,0,0,0,0,0,0,0
letters.0588.xml,0,0,0,0,0,0,0,0,0,1,0,1,0,0,0,0,0,0,0,5,0,0,0,0,0,0,0,0,1,4,0,0,0,0,1,0,0,0,0,1,0,0,1,0,0,0,0,0,0,0
letters.0255.xml,0,0,0,0,0,0,0,0,0,1,0,1,0,0,0,0,0,0,0,0,0,0,1,0,0,0,0,0,1,1,0,0,0,0,0,0,0,0,0,1,0,0,1,0,0,0,0,0,0,0
letters.0081.xml,0,0,0,0,0,0,0,0,0,0,0,1,0,0,0,0,0,0,0,0,0,0,0,0,0,0,0,0,1,1,0,0,0,0,0,0,0,0,0,0,0,0,0,0,0,0,0,0,0,0
letters.0376.xml,0,0,0,0,0,0,0,0,0,1,0,1,0,0,0,0,0,0,0,0,0,0,0,0,0,0,0,0,1,1,0,0,0,0,0,0,0,0,0,2,0,0,1,0,0,0,0,0,0,0
txt_GrayTh1716_wepww.xml,0,0,0,0,86,0,0,0,0,0,0,0,1,0,0,0,0,0,1,0,0,12,0,3,1,0,0,0,0,0,0,23,0,0,0,0,0,0,0,0,0,0,0,0,0,0,0,0,0,99
txt_GrayTh1716_wlt12.xml,0,0,0,0,0,0,0,0,0,0,0,0,1,0,0,0,0,0,1,0,0,4,0,1,1,0,0,0,0,0,0,0,0,0,0,0,0,0,0,0,0,0,0,0,0,0,0,0,0,0
txt_GrayTh1716_wskoc.xml,0,0,0,0,55,0,0,0,0,0,0,0,1,0,0,0,0,0,1,0,0,6,0,1,1,0,0,0,0,0,0,10,0,0,0,0,0,0,0,0,0,0,0,0,0,0,0,0,0,62
letters.0460.xml,0,0,0,0,0,0,0,0,0,0,0,1,0,0,0,0,0,0,0,0,0,0,0,0,0,0,0,0,1,1,0,0,0,0,0,0,0,0,0,1,0,0,0,0,0,0,0,0,0,0
letters.0249.xml,0,0,0,0,0,0,0,0,0,1,0,1,0,0,0,0,0,0,0,4,0,0,1,0,0,0,0,0,1,3,0,0,0,0,1,0,0,0,0,2,0,0,1,0,0,0,0,0,0,0
letters.0071.xml,0,0,0,0,0,0,0,0,0,1,0,1,0,0,0,0,0,0,0,0,0,0,0,0,0,0,0,0,1,4,0,0,0,0,0,0,0,0,0,2,0,0,1,0,0,0,0,0,0,0
letters.0426.xml,0,0,0,0,0,0,0,54,0,1,0,1,0,0,0,0,0,0,0,4,0,0,1,0,0,0,0,0,1,8,0,0,0,0,1,0,0,0,27,2,0,0,0,0,0,0,1,0,0,0
letters.0516.xml,0,0,0,0,0,0,0,0,0,1,0,1,0,0,0,0,0,0,0,3,0,0,1,0,0,0,0,0,1,5,0,0,0,0,0,0,0,0,0,2,0,0,1,0,0,0,0,0,0,0
letters.0356.xml,0,0,0,0,0,0,0,0,0,1,0,0,0,0,0,0,0,0,0,0,0,0,0,0,0,0,0,0,1,4,0,0,0,0,1,0,0,0,0,2,0,0,0,0,0,0,0,0,0,0
txt_GrayTh1716_wodec.xml,0,0,2,0,507,0,0,0,0,0,0,0,1,4,1,0,0,0,1,0,0,100,0,10,1,0,0,3,0,1,0,130,0,0,0,2,0,0,0,0,0,0,0,0,0,0,0,0,0,613
letters.0217.xml,0,0,0,0,0,0,0,0,0,1,0,0,0,0,0,0,0,0,0,0,0,0,1,0,0,0,0,0,1,1,0,0,0,0,0,0,0,0,0,2,0,0,1,0,0,0,0,0,0,0
letters.0086.xml,0,0,0,0,0,0,0,0,0,0,0,1,0,0,0,0,0,0,0,0,0,0,0,0,0,0,0,0,1,1,0,0,0,0,0,0,0,0,0,0,0,0,0,0,0,0,0,0,0,0
letters.0385.xml,0,0,0,0,0,0,0,0,0,1,0,1,0,0,0,0,0,0,0,0,0,0,1,0,0,0,0,0,1,1,0,0,0,0,0,0,0,0,0,2,0,0,1,0,0,0,0,0,0,0
txt_GrayTh1716_wlobt.xml,0,0,0,0,30,0,0,0,0,0,0,0,1,0,0,0,0,0,1,0,0,4,0,1,1,0,0,0,0,0,0,8,0,0,0,0,0,0,0,0,0,0,0,0,0,0,0,0,0,35
txt_GrayTh1716_wlt20.xml,0,0,0,0,0,0,0,0,0,0,0,0,1,0,0,0,0,0,1,0,0,8,0,2,1,0,0,0,0,0,0,0,0,0,0,0,0,0,0,0,0,0,0,0,0,0,0,0,0,0
letters.0360.xml,0,0,0,0,0,0,0,0,0,1,0,1,0,0,0,0,0,0,0,3,0,0,0,0,0,0,0,0,1,6,0,0,0,0,0,0,0,0,0,2,0,0,1,0,0,0,0,0,0,0
letters.0105.xml,0,0,0,0,0,0,0,0,0,0,0,1,0,0,0,0,0,0,0,0,0,0,0,0,0,0,0,0,1,1,0,0,0,0,0,0,0,0,0,0,0,0,0,0,0,0,0,0,0,0
letters.0006.xml,0,0,0,0,0,0,0,0,0,0,0,1,0,0,0,0,0,0,0,0,0,0,0,0,0,0,0,0,1,1,0,0,0,0,0,0,0,0,0,1,0,0,0,0,0,0,0,0,0,0
txt_GrayTh1716_wtra9.xml,0,0,0,0,113,0,0,0,0,0,0,0,1,1,0,0,0,0,1,0,0,16,0,1,1,0,0,0,0,0,0,17,0,0,0,0,0,0,0,0,0,0,0,0,0,0,0,0,0,130
treaty_01_02.xml,0,0,0,0,0,0,0,0,0,0,0,0,5,0,0,0,2,0,4,3,9,0,146,0,0,1,0,0,0,119,0,0,109,0,0,0,0,0,0,0,0,0,0,0,0,0,0,0,0,0
letters.0510.xml,0,0,0,0,0,0,0,0,0,1,0,1,0,0,0,0,0,0,0,0,0,0,1,0,0,0,0,0,1,3,0,0,0,0,1,0,0,0,0,2,0,0,1,0,0,0,0,0,0,0
txt_GrayTh1716_woots.xml,0,0,4,0,300,0,0,0,0,0,0,0,1,7,0,0,0,0,1,0,0,55,1,5,1,0,0,4,0,0,0,87,0,0,0,1,0,0,0,0,0,0,0,0,0,0,0,0,0,352
letters.0097.xml,0,0,0,0,0,0,0,0,0,2,0,1,2,0,0,0,0,0,0,0,0,0,0,0,0,0,0,0,1,9,0,0,0,0,0,0,0,0,0,2,0,0,1,0,0,0,0,0,0,0
letters.0552.xml,0,0,0,0,0,0,0,0,0,1,0,1,0,0,0,0,0,0,0,0,0,0,1,0,0,0,0,0,1,4,0,0,0,0,1,0,0,0,0,2,0,0,1,0,0,0,0,0,0,0
letters.0491.xml,0,0,0,0,0,0,0,0,0,1,0,1,0,0,0,0,0,0,0,0,0,0,1,0,0,0,0,0,1,4,0,0,0,0,1,0,0,0,0,2,0,0,1,0,0,0,0,0,0,0
letters.0129.xml,0,0,0,0,0,0,0,0,0,2,0,1,0,0,0,0,0,0,0,0,0,0,0,0,0,0,0,0,1,2,0,0,0,0,1,0,0,0,0,2,0,0,0,0,0,0,0,0,0,0
txt_GrayTh1716_waleg.xml,0,0,1,0,716,0,0,0,0,0,0,0,1,2,1,0,0,0,2,0,0,107,1,4,1,0,0,0,0,1,0,123,0,0,0,0,0,0,0,0,0,0,0,0,0,0,0,0,0,827
txt_GrayTh1716_wlt09.xml,0,0,0,0,0,0,0,0,0,0,0,0,1,0,0,0,0,0,1,0,0,16,1,1,1,0,0,0,0,1,0,0,0,0,0,0,0,0,0,0,0,0,0,0,0,0,0,0,0,0
letters.0423.xml,0,0,0,0,0,0,0,0,0,1,0,1,0,0,0,0,0,0,0,10,0,0,3,0,0,0,0,0,1,3,0,0,0,0,0,1,0,0,0,2,0,0,1,0,0,0,0,0,0,0
letters.0507.xml,0,0,0,0,0,0,0,0,0,1,0,1,0,0,0,0,0,0,0,3,0,0,1,0,0,0,0,0,1,4,0,0,0,0,0,1,0,0,0,2,0,0,1,0,0,0,0,0,0,0
letters.0508.xml,0,0,0,0,0,0,0,0,0,1,0,1,0,0,0,0,0,0,0,2,0,0,1,0,0,0,0,0,1,5,0,0,0,0,0,1,0,0,0,2,0,0,1,0,0,0,0,0,0,0
letters.0042.xml,0,0,0,0,0,0,0,0,0,1,0,0,0,0,0,0,0,0,0,0,0,0,0,0,0,0,0,0,1,2,0,0,0,0,1,0,0,0,0,2,0,0,1,0,0,0,0,0,0,0
letters.0265.xml,0,0,0,0,0,0,0,0,0,1,0,1,0,0,0,0,0,0,0,0,0,0,0,0,0,0,0,0,1,1,0,0,0,0,0,0,0,0,0,2,0,0,0,0,0,0,0,0,0,0
letters.0114.xml,0,0,0,0,0,0,0,0,0,1,0,1,0,0,0,0,0,0,0,0,0,0,0,0,0,0,0,0,1,3,0,0,0,0,1,0,0,0,0,2,0,0,1,0,0,0,0,0,0,0
letters.0367.xml,0,0,0,0,0,0,0,0,0,0,0,0,0,0,0,0,0,0,0,0,0,0,0,0,0,0,0,0,0,3,0,0,0,0,1,0,0,0,0,0,0,0,0,0,0,0,0,0,0,0
letters.0157.xml,0,0,0,0,0,0,0,0,0,0,0,0,0,0,0,0,0,0,0,4,0,0,55,0,0,0,0,0,0,16,0,0,0,0,0,2,0,0,0,0,0,0,0,0,0,0,0,0,0,0
letters.0496.xml,0,0,0,0,0,0,0,0,0,1,0,1,0,0,0,0,0,0,0,4,0,0,1,0,0,0,0,0,1,3,0,0,0,0,1,0,0,0,0,2,0,0,1,0,0,0,0,0,0,0
letters.0448.xml,0,0,0,0,0,0,0,0,0,1,0,1,0,0,0,0,0,0,0,0,0,0,0,0,0,0,0,0,1,6,0,0,0,0,1,0,0,0,0,2,0,0,0,0,0,0,0,0,0,0
letters.0409.xml,0,0,0,0,0,0,0,0,0,1,0,1,0,0,0,0,0,0,0,0,0,0,1,0,0,0,0,0,1,2,0,0,0,0,0,0,0,0,0,1,0,0,1,0,0,0,0,0,0,0
letters.0260.xml,0,0,0,0,0,0,0,0,0,1,0,1,0,0,0,0,0,0,0,0,0,0,0,0,0,0,0,0,1,2,0,0,0,0,0,0,0,0,0,2,0,0,1,0,0,0,0,0,0,0
letters.0339.xml,0,0,0,0,0,0,0,0,0,1,0,0,0,0,0,0,0,0,0,2,0,0,1,0,0,0,0,0,1,4,0,0,0,0,1,0,0,0,0,2,0,0,1,0,0,0,0,0,0,0
letters.0565.xml,0,0,0,0,0,0,0,0,0,1,0,1,2,0,0,0,0,0,0,37,0,0,0,0,0,0,0,0,1,7,0,0,0,0,0,1,0,0,0,2,0,0,1,0,0,0,0,0,0,0
letters.0329.xml,0,0,0,0,0,0,0,0,0,1,0,0,0,0,0,0,0,0,0,18,0,0,11,0,0,0,0,0,0,15,0,0,0,0,1,3,0,0,0,1,0,0,1,0,0,0,0,0,0,0
letters.0271.xml,0,0,0,0,0,0,0,0,0,1,0,1,0,0,0,0,0,0,0,4,0,0,33,0,0,0,0,0,1,8,0,0,0,0,1,1,0,0,0,2,0,0,0,0,0,0,0,0,0,0
letters.0437.xml,0,0,0,0,0,0,0,0,0,0,0,1,0,0,0,0,0,0,0,2,0,0,0,0,0,0,0,0,1,2,0,0,0,0,0,0,0,0,0,0,0,0,0,0,0,0,0,0,0,0
txt_GrayTh1716_wtra6.xml,0,0,0,0,571,0,0,0,0,0,0,0,1,1,0,0,0,0,1,0,0,86,0,4,1,0,0,0,0,0,0,110,0,0,0,0,0,0,0,0,0,0,0,0,0,0,0,0,0,658
letters.0458.xml,0,0,0,0,0,0,0,0,0,1,0,1,0,0,0,0,0,0,0,1,0,0,0,0,0,0,0,0,1,1,0,0,0,0,0,0,0,0,0,2,0,0,0,0,0,0,0,0,0,0
txt_GrayTh1716_wpppo.xml,0,0,14,0,1348,0,0,0,0,0,0,0,1,19,1,0,0,0,10,0,0,131,8,9,1,0,0,21,0,1,0,415,0,0,0,5,0,0,0,0,0,0,0,0,0,0,0,0,0,1503
txt_GrayTh1716_wtrgl.xml,0,0,0,0,480,0,0,0,0,0,0,0,1,2,1,0,0,0,1,0,0,70,0,5,1,0,0,0,0,0,0,94,0,0,0,1,0,0,0,0,0,0,0,0,0,0,0,0,0,552
letters.0121.xml,0,0,0,0,0,0,0,0,0,1,0,0,0,0,0,0,0,0,0,0,0,0,108,0,0,0,0,0,1,5,0,0,0,0,0,1,0,0,0,2,0,0,0,0,0,0,0,0,0,0
letters.0569.xml,0,0,0,0,0,0,0,0,0,1,0,0,2,0,0,0,0,0,0,20,0,0,2,0,0,0,0,0,0,10,0,0,0,0,0,0,0,0,0,1,0,0,0,0,0,0,0,0,0,0
txt_GrayTh1716_wpare.xml,0,0,0,0,23,0,0,0,0,0,0,0,1,0,0,0,0,0,1,0,0,3,0,1,1,0,0,0,0,0,0,12,0,0,0,0,0,0,0,0,0,0,0,0,0,0,0,0,0,27
letters.0568.xml,0,0,0,0,0,0,0,0,0,1,0,1,0,0,0,0,0,0,0,1,0,0,0,0,0,0,0,0,1,6,0,0,0,0,1,0,0,0,0,1,0,0,1,0,0,0,0,0,0,0
letters.0280.xml,0,0,0,0,0,0,0,0,0,1,0,1,0,0,0,0,0,0,0,2,0,0,0,0,0,0,0,0,1,3,0,0,0,0,1,0,0,0,0,2,0,0,1,0,0,0,0,0,0,0
letters.0639.xml,0,0,0,0,0,0,0,0,0,1,0,1,0,0,0,0,0,0,0,0,0,0,2,0,0,0,0,0,1,3,0,0,0,0,1,0,0,0,0,2,0,0,1,0,0,0,0,0,0,0
letters.0080.xml,0,0,0,0,0,0,0,0,0,0,0,1,0,0,0,0,0,0,0,0,0,0,9,0,0,0,0,0,1,5,0,0,0,0,0,2,0,0,0,0,0,0,0,0,0,0,0,0,0,0
letters.0542.xml,0,0,0,0,0,0,0,0,0,1,0,1,0,0,0,0,0,0,0,1,0,0,2,0,0,0,0,0,1,2,0,0,0,0,0,0,0,0,0,2,0,0,1,0,0,0,0,0,0,0
letters.0461.xml,0,0,0,0,0,0,0,0,0,1,0,0,0,0,0,0,0,0,0,1,0,0,22,0,0,0,0,0,0,9,0,0,0,0,0,1,0,0,0,1,0,0,1,0,0,0,0,0,0,0
txt_GrayTh1716_wlt15.xml,0,0,0,0,0,0,0,0,0,0,0,0,1,0,0,0,0,0,1,1,0,22,0,2,1,0,0,0,0,0,0,0,0,0,0,0,0,0,0,0,0,0,0,0,0,0,0,0,0,0
letters.0230.xml,0,0,0,0,0,0,0,0,0,1,0,1,0,0,0,0,0,0,0,2,0,0,1,0,0,0,0,0,1,2,0,0,0,0,0,0,0,0,0,2,0,0,1,0,0,0,0,0,0,0
letters.0577.xml,0,0,0,0,0,0,0,0,0,1,0,1,0,0,0,0,0,0,0,3,0,0,0,0,0,0,0,0,1,3,0,0,0,0,0,0,0,0,0,2,0,0,0,0,0,0,0,0,0,0
letters.0241.xml,0,0,0,0,0,0,0,0,0,1,0,1,0,0,0,0,0,0,0,5,0,0,1,0,0,0,0,0,1,2,0,0,0,0,0,0,0,0,0,2,0,0,1,0,0,0,0,0,0,0
letters.0058.xml,0,0,0,0,0,0,0,0,0,1,0,1,0,0,0,0,0,0,0,0,0,0,0,0,0,0,0,0,1,3,0,0,0,0,0,0,0,0,0,2,0,0,1,0,0,0,0,0,0,0
letters.0400.xml,0,0,0,0,0,0,0,0,0,1,0,1,0,0,0,0,0,0,0,2,0,0,1,0,0,0,0,0,1,2,0,0,0,0,0,0,0,0,0,2,0,0,1,0,0,0,0,0,0,0
letters.0210.xml,0,0,0,0,0,0,0,0,0,1,0,1,0,0,0,0,0,0,0,0,0,0,1,0,0,0,0,0,1,3,0,0,0,0,1,0,0,0,0,2,0,0,1,0,0,0,0,0,0,0
letters.0623.xml,0,0,0,0,0,0,0,0,0,1,0,1,0,0,0,0,0,0,0,12,0,0,0,0,0,0,0,0,1,4,0,0,0,0,0,0,0,0,0,2,0,0,0,0,0,0,0,0,0,0
letters.0563.xml,0,0,0,0,0,0,0,0,0,1,0,1,0,0,0,0,0,0,0,0,0,0,0,0,0,0,0,0,1,2,0,0,0,0,0,0,0,0,0,2,0,0,1,0,0,0,0,0,0,0
letters.0307.xml,0,0,0,0,0,0,0,0,0,1,0,1,0,0,0,0,0,0,0,7,0,0,19,0,0,0,0,0,1,4,0,0,0,0,1,1,0,0,0,2,0,0,1,0,0,0,0,0,0,0
letters.0518.xml,0,0,0,0,0,0,0,0,0,1,0,1,0,0,0,0,0,0,0,2,0,0,0,0,0,0,0,0,1,3,0,0,0,0,0,0,0,0,0,2,0,0,1,0,0,0,0,0,0,0
letters.0012.xml,0,0,0,0,0,0,0,0,0,0,0,1,0,0,0,0,0,0,0,0,0,0,0,0,0,0,0,0,1,2,0,0,0,0,1,0,0,0,0,1,0,0,0,0,0,0,0,0,0,0
txt_GrayTh1716_wlt23.xml,0,0,0,0,0,0,0,0,0,0,0,0,1,0,0,0,0,0,1,0,0,52,0,1,1,0,0,0,0,0,0,0,0,0,0,0,0,0,0,0,0,0,0,0,0,0,0,0,0,0
txt_GrayTh1716_wlt18.xml,0,0,1,0,0,0,0,0,0,0,0,0,1,0,1,0,0,0,1,1,0,76,0,8,1,0,0,0,0,0,0,0,0,0,0,0,0,0,0,0,0,0,0,0,0,0,0,0,0,0
letters.0171.xml,0,0,0,0,0,0,0,0,0,0,0,1,0,0,0,0,0,0,0,0,0,0,0,0,0,0,0,0,1,1,0,0,0,0,0,0,0,0,0,0,0,0,0,0,0,0,0,0,0,0
letters.0335.xml,0,0,0,0,0,0,0,0,0,1,0,1,0,0,0,0,0,0,0,3,0,0,2,0,0,0,0,0,1,5,0,0,0,0,0,0,0,0,0,1,0,0,1,0,0,0,0,0,0,0
letters.0294.xml,0,0,0,0,0,0,0,0,0,1,0,1,0,0,0,0,0,0,0,0,0,0,1,0,0,0,0,0,1,2,0,0,0,0,0,0,0,0,0,2,0,0,1,0,0,0,0,0,0,0
txt_GrayTh1716_wotad.xml,0,0,1,0,267,0,0,0,0,0,0,0,1,0,1,0,0,0,1,0,0,48,3,6,1,0,0,0,0,1,0,73,0,0,0,0,0,0,0,0,0,0,0,0,0,0,0,0,0,317
letters.0079.xml,0,0,0,0,0,0,0,0,0,2,0,1,0,0,0,0,0,0,0,0,0,0,1,0,0,0,0,0,1,2,0,0,0,0,1,0,0,0,0,3,0,0,0,0,0,0,0,0,0,0
letters.0136.xml,0,0,0,0,0,0,0,0,0,1,0,0,0,0,0,0,0,0,0,0,0,0,0,0,0,0,0,0,1,1,0,0,0,0,0,0,0,0,0,2,0,0,1,0,0,0,0,0,0,0
letters.0372.xml,0,0,0,0,0,0,0,0,0,1,0,1,0,0,0,0,0,0,0,0,0,0,1,0,0,0,0,0,1,5,0,0,0,0,0,0,0,0,0,2,0,0,1,0,0,0,0,0,0,0
letters.0190.xml,0,0,0,0,0,0,0,0,0,1,0,1,0,0,0,0,0,0,0,0,0,0,1,0,0,0,0,0,1,1,0,0,0,0,0,0,0,0,0,1,0,0,1,0,0,0,0,0,0,0
treaty_06.xml,0,0,0,0,0,0,0,0,0,0,0,0,15,0,0,0,2,0,13,93,0,0,206,0,0,0,0,0,0,358,0,0,349,0,0,0,0,0,0,0,0,0,0,0,0,0,0,0,0,0
letters.0225.xml,0,0,0,0,0,0,0,0,0,1,0,1,0,0,0,0,0,0,0,2,0,0,115,0,0,0,0,0,0,20,0,0,0,0,0,1,0,0,0,1,0,0,0,0,0,0,0,0,0,0
treaty_11.xml,0,0,0,0,0,0,0,17,0,0,0,0,4,0,0,0,0,0,4,41,0,0,82,0,0,0,0,0,0,138,0,0,71,0,0,0,0,0,7,0,0,0,0,0,0,0,2,0,0,0
letters.0088.xml,0,0,0,0,0,0,0,0,0,0,0,1,0,0,0,0,0,0,0,0,0,0,5,0,0,0,0,0,1,3,0,0,0,0,0,1,0,0,0,0,0,0,0,0,0,0,0,0,0,0
letters.0419.xml,0,0,0,0,0,0,0,0,0,1,0,1,0,0,0,0,0,0,0,4,0,0,0,0,0,0,0,0,1,5,0,0,0,0,1,0,0,0,0,2,0,0,0,0,0,0,0,0,0,0
letters.0276.xml,0,0,0,0,0,0,0,0,0,1,0,1,0,0,0,0,0,0,0,3,0,0,1,0,0,0,0,0,1,3,0,0,0,0,0,0,0,0,0,1,0,0,1,0,0,0,0,0,0,0
letters.0327.xml,0,0,0,0,0,0,0,0,0,0,0,0,0,0,0,0,0,0,0,3,0,0,0,0,0,0,0,0,0,2,0,0,0,0,0,0,0,0,0,0,0,0,0,0,0,0,0,0,0,0
letters.0109.xml,0,0,0,0,0,0,0,0,0,0,0,1,0,0,0,0,0,0,0,0,0,0,0,0,0,0,0,0,1,2,0,0,0,0,0,0,0,0,0,0,0,0,0,0,0,0,0,0,0,0
letters.0459.xml,0,0,0,0,0,0,0,0,0,1,0,1,0,0,0,0,0,0,0,5,0,0,0,0,0,0,0,0,0,1,0,0,0,0,0,0,0,0,0,0,0,0,0,0,0,0,0,0,0,0
letters.0539.xml,0,0,0,0,0,0,0,0,0,1,0,1,0,0,0,0,0,0,0,7,0,0,2,0,0,0,0,0,1,3,0,0,0,0,0,0,0,0,0,2,0,0,1,0,0,0,0,0,0,0
letters.0044.xml,0,0,0,0,0,0,0,0,0,1,0,0,0,0,0,0,0,0,0,0,0,0,2,0,0,0,0,0,0,1,0,0,0,0,0,0,0,0,0,1,0,0,1,0,0,0,0,0,0,0
letters.0535.xml,0,0,0,0,0,0,0,0,0,1,0,1,0,0,0,0,0,0,0,0,0,0,2,0,0,0,0,0,1,1,0,0,0,0,0,0,0,0,0,2,0,0,0,0,0,0,0,0,0,0
letters.0515.xml,0,0,0,0,0,0,0,0,0,1,0,1,0,0,0,0,0,0,0,12,0,0,1,0,0,0,0,0,1,7,0,0,0,0,1,0,0,0,0,2,0,0,1,0,0,0,0,0,0,0
txt_GrayTh1716_wlt01.xml,0,0,0,0,0,0,0,0,0,0,0,0,1,0,0,0,0,0,1,0,0,52,0,13,1,0,0,0,0,0,0,0,0,0,0,0,0,0,0,0,0,0,0,0,0,0,0,0,0,0
letters.0204.xml,0,0,0,0,0,0,0,0,0,1,0,1,0,0,0,0,0,0,0,0,0,0,1,0,0,0,0,0,1,1,0,0,0,0,0,0,0,0,0,1,0,0,1,0,0,0,0,0,0,0
letters.0443.xml,0,0,0,0,0,0,0,0,0,1,0,1,0,0,0,0,0,0,0,0,0,0,1,0,0,0,0,0,0,2,0,0,0,0,0,0,0,0,0,1,0,0,1,0,0,0,0,0,0,0
letters.0549.xml,0,0,0,0,0,0,0,0,0,2,0,1,0,0,0,0,0,0,0,0,0,0,1,0,0,0,0,0,0,2,0,0,0,0,1,0,0,0,0,1,0,0,1,0,0,0,0,0,0,0
letters.0626.xml,0,0,0,0,0,0,0,0,0,0,0,1,0,0,0,0,0,0,0,1,0,0,0,0,0,0,0,0,1,3,0,0,0,0,0,0,0,0,0,0,0,0,0,0,0,0,0,0,0,0
letters.0161.xml,0,0,0,0,0,0,0,0,0,1,0,1,0,0,0,0,0,0,0,2,0,0,1,0,0,0,0,0,1,4,0,0,0,0,1,0,0,0,0,2,0,0,1,0,0,0,0,0,0,0
letters.0472.xml,0,0,0,0,0,0,0,0,0,1,0,1,0,0,0,0,0,0,0,5,0,0,1,0,0,0,0,0,1,5,0,0,0,0,0,0,0,0,0,1,0,0,1,0,0,0,0,0,0,0
letters.0572.xml,0,0,0,0,0,0,0,0,0,1,0,1,0,0,0,0,0,0,0,1,0,0,1,0,0,0,0,0,1,2,0,0,0,0,1,0,0,0,0,2,0,0,1,0,0,0,0,0,0,0
txt_GrayTh1716_wsng2.xml,0,0,0,0,55,0,0,0,0,0,0,0,1,0,0,0,0,0,1,0,0,12,0,2,1,0,0,0,0,0,0,15,0,0,0,0,0,0,0,0,0,0,0,0,0,0,0,0,0,68
letters.0322.xml,0,0,0,0,0,0,0,0,0,1,0,1,0,0,0,0,0,0,0,1,0,0,0,0,0,0,0,0,1,5,0,0,0,0,1,0,0,0,0,2,0,0,1,0,0,0,0,0,0,0
letters.0613.xml,0,0,0,0,0,0,0,0,0,1,0,1,0,0,0,0,0,0,0,3,0,0,1,0,0,0,0,0,1,2,0,0,0,0,0,0,0,0,0,1,0,0,1,0,0,0,0,0,0,0
letters.0311.xml,0,0,0,0,0,0,0,0,0,1,0,1,0,0,0,0,0,0,0,4,0,0,2,0,0,0,0,0,1,6,0,0,0,0,1,0,0,0,0,2,0,0,1,0,0,0,0,0,0,0
letters.0330.xml,0,0,0,0,0,0,0,0,0,1,0,1,0,0,0,0,0,0,0,3,15,0,1,0,0,2,0,0,1,7,0,0,0,0,1,1,0,0,0,2,0,0,0,0,0,0,0,0,0,0
letters.0598.xml,0,0,0,0,0,0,0,0,0,0,0,1,0,0,0,0,0,0,0,4,0,0,0,0,0,0,0,0,1,3,0,0,0,0,0,0,0,0,0,0,0,0,0,0,0,0,0,0,0,0
letters.0528.xml,0,0,0,0,0,0,0,0,0,1,0,2,0,0,0,0,0,0,0,1,0,0,1,0,0,0,0,0,2,7,0,0,0,0,1,0,0,0,0,1,0,0,1,0,0,0,0,0,0,0
txt_GrayTh1716_wsahh.xml,0,0,0,0,151,0,0,0,0,0,0,0,1,1,0,0,0,0,1,0,0,36,0,2,1,0,0,0,0,0,0,22,0,0,0,0,0,0,0,0,0,0,0,0,0,0,0,0,0,187
letters.0566.xml,0,0,0,0,0,0,0,0,0,1,0,1,0,0,0,0,0,0,0,2,0,0,2,0,0,0,0,0,1,2,0,0,0,0,0,0,0,0,0,2,0,0,1,0,0,0,0,0,0,0
letters.0386.xml,0,0,0,0,0,0,0,0,0,1,0,1,0,0,0,0,0,0,0,0,0,0,0,0,0,0,0,0,1,1,0,0,0,0,0,0,0,0,0,2,0,0,1,0,0,0,0,0,0,0
letters.0141.xml,0,0,0,0,0,0,0,0,0,0,0,0,0,0,0,0,0,0,0,0,0,0,0,0,0,0,0,0,1,1,0,0,0,0,0,0,0,0,0,1,0,0,0,0,0,0,0,0,0,0
letters.0523.xml,0,0,0,0,0,0,0,0,0,1,0,1,0,0,0,0,0,0,0,1,0,0,2,0,0,0,0,0,1,3,0,0,0,0,0,0,0,0,0,2,0,0,1,0,0,0,0,0,0,0
letters.0560.xml,0,0,0,0,0,0,0,0,0,1,0,0,0,0,0,0,0,0,0,2,0,0,1,0,0,0,0,0,1,7,0,0,0,0,1,0,0,0,0,2,0,0,1,0,0,0,0,0,0,0
letters.0034.xml,0,0,0,0,0,0,0,0,0,1,0,0,0,0,0,0,0,0,0,0,0,0,0,0,0,0,0,0,1,1,0,0,0,0,0,0,0,0,0,2,0,0,1,0,0,0,0,0,0,0
letters.0223.xml,0,0,0,0,0,0,0,0,0,1,0,1,0,0,0,0,0,0,0,3,0,0,0,0,0,0,0,0,1,3,0,0,0,0,1,0,0,0,0,2,0,0,1,0,0,0,0,0,0,0
letters.0035.xml,0,0,0,0,0,0,0,0,0,1,0,1,0,0,0,0,0,0,0,0,0,0,1,0,0,0,0,0,1,2,0,0,0,0,1,0,0,0,0,2,0,0,1,0,0,0,0,0,0,0
letters.0269.xml,0,0,0,0,0,0,0,0,0,1,0,1,0,0,0,0,0,0,0,2,0,0,1,0,0,0,0,0,1,2,0,0,0,0,0,0,0,0,0,2,0,0,0,0,0,0,0,0,0,0
letters.0350.xml,0,0,0,0,0,0,0,0,0,1,0,1,0,0,0,0,0,0,0,1,0,0,1,0,0,0,0,0,1,3,0,0,0,0,1,0,0,0,0,2,0,0,0,0,0,0,0,0,0,0
letters.0406.xml,0,0,0,0,0,0,0,0,0,1,0,1,0,0,0,0,0,0,0,1,0,0,1,0,0,0,0,0,1,7,0,0,0,0,1,0,0,0,0,2,0,0,1,0,0,0,0,0,0,0
letters.0383.xml,0,0,0,0,0,0,0,0,0,1,0,1,0,0,0,0,0,0,0,3,0,0,1,0,0,0,0,0,1,4,0,0,0,0,1,0,0,0,0,2,0,0,0,0,0,0,0,0,0,0
letters.0023.xml,0,0,0,0,0,0,0,0,0,1,0,1,0,0,0,0,0,0,0,0,0,0,57,0,0,0,0,0,1,5,0,0,0,0,0,1,0,0,0,2,0,0,1,0,0,0,0,0,0,0
letters.0502.xml,0,0,0,0,0,0,0,0,0,1,0,1,0,0,0,0,0,0,0,1,0,0,1,0,0,0,0,0,1,2,0,0,0,0,0,0,0,0,0,2,0,0,0,0,0,0,0,0,0,0
letters.0261.xml,0,0,0,0,0,0,0,76,0,1,0,1,0,0,0,0,0,0,0,3,0,0,1,0,0,0,0,0,1,8,0,0,0,0,1,0,0,0,19,2,0,0,0,0,0,0,1,0,0,0
letters.0454.xml,0,0,0,0,0,0,0,0,0,1,0,1,0,0,0,0,0,0,0,0,0,0,1,0,0,0,0,0,1,3,0,0,0,0,0,0,0,0,0,1,0,0,1,0,0,0,0,0,0,0
letters.0250.xml,0,0,0,0,0,0,0,0,0,1,0,1,0,0,0,0,0,0,0,1,0,0,1,0,0,0,0,0,1,3,0,0,0,0,1,0,0,0,0,2,0,0,1,0,0,0,0,0,0,0
letters.0120.xml,0,0,0,0,0,0,0,0,0,0,0,1,0,0,0,0,0,0,0,0,0,0,0,0,0,0,0,0,1,3,0,0,0,0,0,0,0,0,0,0,0,0,0,0,0,0,0,0,0,0
letters.0118.xml,0,0,0,0,0,0,0,0,0,1,0,1,0,0,0,0,0,0,0,0,0,0,10,0,0,0,0,0,1,4,0,0,0,0,0,1,0,0,0,1,0,0,0,0,0,0,0,0,0,0
letters.0169.xml,0,0,0,0,0,0,0,0,0,1,0,1,0,0,0,0,0,0,0,3,0,0,0,0,0,0,0,0,1,5,0,0,0,0,0,0,0,0,0,2,0,0,1,0,0,0,0,0,0,0
letters.0036.xml,0,0,0,0,0,0,0,0,0,1,0,1,0,0,0,0,0,0,0,0,0,0,0,0,0,0,0,0,0,4,0,0,0,0,0,1,0,0,0,1,0,0,0,0,0,0,0,0,0,0
letters.0438.xml,0,0,0,0,0,0,0,0,0,1,0,1,0,0,0,0,0,0,0,1,0,0,0,0,0,0,0,0,1,6,0,0,0,0,0,0,0,0,0,2,0,0,0,0,0,0,0,0,0,0
letters.0192.xml,0,0,0,0,0,0,0,0,0,1,0,1,0,0,0,0,0,0,0,0,0,0,1,0,0,0,0,0,1,1,0,0,0,0,0,0,0,0,0,2,0,0,1,0,0,0,0,0,0,0
txt_GrayTh1716_wlt22.xml,0,0,0,0,0,0,0,0,0,0,0,0,1,0,0,0,0,0,1,1,0,44,0,11,1,0,0,0,0,0,0,0,0,0,0,0,0,0,0,0,0,0,0,0,0,0,0,0,0,0
letters.0606.xml,0,0,0,0,0,0,0,0,0,1,0,1,0,0,0,0,0,0,0,6,0,0,0,0,0,0,0,0,1,3,0,0,0,0,1,0,0,0,0,2,0,0,1,0,0,0,0,0,0,0
letters.0046.xml,0,0,0,0,0,0,0,0,0,1,0,0,0,0,0,0,0,0,0,1,0,0,1,0,0,0,0,0,1,1,0,0,0,0,0,0,0,0,0,2,0,0,1,0,0,0,0,0,0,0
letters.0490.xml,0,0,0,0,0,0,0,0,0,1,0,1,0,0,0,0,0,0,0,1,0,0,1,0,0,0,0,0,1,5,0,0,0,0,1,0,0,0,0,2,0,0,1,0,0,0,0,0,0,0
letters.0561.xml,0,0,0,0,0,0,0,0,0,1,0,1,0,0,0,0,0,0,0,0,0,0,1,0,0,0,0,0,1,2,0,0,0,0,0,0,0,0,0,2,0,0,1,0,0,0,0,0,0,0
letters.0555.xml,0,0,0,0,0,0,0,0,0,0,0,1,0,0,0,0,0,0,0,0,0,0,0,0,0,0,0,0,1,2,0,0,0,0,1,0,0,0,0,0,0,0,0,0,0,0,0,0,0,0
correspSearch.xml,0,0,0,0,0,0,0,0,0,0,0,0,0,0,0,0,0,0,0,0,0,0,0,0,0,0,0,0,0,1,0,0,0,0,0,0,0,0,0,0,0,0,0,0,0,0,0,0,0,0
txt_GrayTh1716_wcara.xml,0,0,0,0,17,0,0,0,0,0,0,0,1,0,0,0,0,0,1,0,0,4,0,1,1,0,0,0,0,0,0,7,0,0,0,0,0,0,0,0,0,0,0,0,0,0,0,0,0,22
txt_GrayTh1716_wlt26.xml,0,0,0,0,0,0,0,0,0,0,0,0,1,0,0,0,0,0,1,0,0,12,0,3,1,0,0,0,0,0,0,0,0,0,0,0,0,0,0,0,0,0,0,0,0,0,0,0,0,0
letters.0093.xml,0,0,0,0,0,0,0,0,0,0,0,1,0,0,0,0,0,0,0,0,0,0,0,0,0,0,0,0,1,2,0,0,0,0,0,0,0,0,0,0,0,0,0,0,0,0,0,0,0,0
letters.0247.xml,0,0,0,0,0,0,0,0,0,1,0,1,0,0,0,0,0,0,0,3,0,0,1,0,0,0,0,0,1,2,0,0,0,0,0,0,0,0,0,2,0,0,1,0,0,0,0,0,0,0
txt_GrayTh1716_wodfc.xml,0,0,0,0,215,0,0,0,0,0,0,0,1,2,0,0,0,0,1,0,0,42,0,7,1,0,0,0,0,0,0,54,0,0,0,0,0,0,0,0,0,0,0,0,0,0,0,0,0,256
letters.0170.xml,0,0,0,0,0,0,0,0,0,1,0,1,0,0,0,0,0,0,0,0,0,0,0,0,0,0,0,0,1,3,0,0,0,0,0,0,0,0,0,2,0,0,1,0,0,0,0,0,0,0
letters.0258.xml,0,0,0,0,0,0,0,0,0,1,0,1,0,0,0,0,0,0,0,0,0,0,1,0,0,0,0,0,1,2,0,0,0,0,0,0,0,0,0,1,0,0,1,0,0,0,0,0,0,0
letters.0222.xml,0,0,0,0,0,0,0,0,0,1,0,1,0,0,0,0,0,0,0,1,0,0,1,0,0,0,0,0,1,4,0,0,0,0,1,0,0,0,0,2,0,0,1,0,0,0,0,0,0,0
letters.0358.xml,0,0,0,0,0,0,0,0,0,1,0,1,0,0,0,0,0,0,0,6,0,0,9,0,0,0,0,0,1,10,0,0,0,0,0,1,0,0,0,1,0,0,0,0,0,0,0,0,0,0
letters.0408.xml,0,0,0,0,0,0,0,0,0,1,0,1,0,0,0,0,0,0,0,0,0,0,1,0,0,0,0,0,0,2,0,0,0,0,0,0,0,0,0,1,0,0,1,0,0,0,0,0,0,0
letters.0597.xml,0,0,0,0,0,0,0,10,0,1,0,1,0,0,0,0,0,0,0,6,0,0,2,0,0,0,0,0,1,4,0,0,0,0,1,0,0,0,5,2,0,0,1,0,0,0,1,0,0,0
letters.0450.xml,0,0,0,0,0,0,0,0,0,1,0,1,0,0,0,0,0,0,0,1,0,0,0,0,0,0,0,0,0,3,0,0,0,0,0,0,0,0,0,1,0,0,0,0,0,0,0,0,0,0
letters.0266.xml,0,0,0,0,0,0,0,0,0,1,0,1,0,0,0,0,0,0,0,0,0,0,0,0,0,0,0,0,1,2,0,0,0,0,1,0,0,0,0,2,0,0,1,0,0,0,0,0,0,0
letters.0629.xml,0,0,0,0,0,0,0,21,0,1,0,1,0,0,0,0,0,0,0,0,0,0,0,0,0,0,0,0,1,6,0,0,0,0,1,0,0,0,8,2,0,0,1,0,0,0,1,0,0,0
letters.0067.xml,0,0,0,0,0,0,0,0,0,0,0,1,0,0,0,0,0,0,0,0,0,0,0,0,0,0,0,0,1,2,0,0,0,0,0,0,0,0,0,0,0,0,0,0,0,0,0,0,0,0
letters.0632.xml,0,0,0,0,0,0,0,0,0,1,0,1,0,0,0,0,0,0,0,0,0,0,0,0,0,0,0,0,1,5,0,0,0,0,1,0,0,0,0,2,0,0,1,0,0,0,0,0,0,0
letters.0513.xml,0,0,0,0,0,0,0,0,0,1,0,1,0,0,0,0,0,0,0,8,0,0,2,0,0,0,0,0,1,4,0,0,0,0,1,0,0,0,0,2,0,0,1,0,0,0,0,0,0,0
letters.0234.xml,0,0,0,0,0,0,0,0,0,1,0,1,0,0,0,0,0,0,0,1,0,0,1,0,0,0,0,0,1,1,0,0,0,0,0,0,0,0,0,2,0,0,0,0,0,0,0,0,0,0
letters.0062.xml,0,0,0,0,0,0,0,0,0,1,0,1,0,0,0,0,0,0,0,0,0,0,33,0,0,0,0,0,0,3,0,0,0,0,1,1,0,0,0,1,0,0,0,0,0,0,0,0,0,0
letters.0651.xml,0,0,0,0,0,0,0,0,0,0,0,0,0,0,0,0,0,0,1,0,0,0,19,0,0,0,0,0,0,1,0,0,0,0,0,1,0,0,0,0,0,0,0,0,0,0,0,0,0,0
letters.0101.xml,0,0,0,0,0,0,0,0,0,1,0,1,0,0,0,0,0,0,0,0,0,0,0,0,0,0,0,0,1,1,0,0,0,0,0,0,0,0,0,1,0,0,0,0,0,0,0,0,0,0
letters.0205.xml,0,0,0,0,0,0,0,0,0,1,0,1,0,0,0,0,0,0,0,0,0,0,1,0,0,0,0,0,1,2,0,0,0,0,1,0,0,0,0,1,0,0,1,0,0,0,0,0,0,0
letters.0155.xml,0,0,0,0,0,0,0,0,0,1,0,0,0,0,0,0,0,0,0,0,0,0,0,0,0,0,0,0,1,4,0,0,0,0,1,0,0,0,0,2,0,0,1,0,0,0,0,0,0,0
letters.0286.xml,0,0,0,0,0,0,0,0,0,1,0,1,0,0,0,0,0,0,0,5,0,0,1,0,0,0,0,0,1,4,0,0,0,0,1,0,0,0,0,2,0,0,1,0,0,0,0,0,0,0
letters.0262.xml,0,0,0,0,0,0,0,0,0,1,0,0,0,0,0,0,0,0,0,5,0,0,24,0,0,0,0,0,1,5,0,0,0,0,0,1,0,0,0,2,0,0,1,0,0,0,0,0,0,0
letters.0154.xml,0,0,0,0,0,0,0,0,0,1,0,1,0,0,0,0,0,0,0,0,0,0,0,0,0,0,0,0,1,1,0,0,0,0,0,0,0,0,0,2,0,0,1,0,0,0,0,0,0,0
letters.0445.xml,0,0,0,0,0,0,0,0,0,1,0,1,0,0,0,0,0,0,0,5,0,0,0,0,0,0,0,0,1,3,0,0,0,0,0,0,0,0,0,2,0,0,0,0,0,0,0,0,0,0
letters.0487.xml,0,0,0,0,0,0,0,0,0,1,0,1,0,0,0,0,0,0,0,2,0,0,1,0,0,0,0,0,1,3,0,0,0,0,1,0,0,0,0,2,0,0,1,0,0,0,0,0,0,0
letters.0368.xml,0,0,0,0,0,0,0,0,0,0,0,0,0,0,0,0,0,0,0,0,0,0,0,0,0,0,0,0,0,4,0,0,0,0,0,0,0,0,0,0,0,0,0,0,0,0,0,0,0,0
letters.0031.xml,0,0,0,0,0,0,0,0,0,1,0,0,0,0,0,0,0,0,0,0,0,0,1,0,0,0,0,0,1,1,0,0,0,0,0,0,0,0,0,2,0,0,1,0,0,0,0,0,0,0
letters.0267.xml,0,0,0,0,0,0,0,0,0,1,0,1,0,0,0,0,0,0,0,0,0,0,1,0,0,0,0,0,1,2,0,0,0,0,1,0,0,0,0,2,0,0,1,0,0,0,0,0,0,0
letters.0306.xml,0,0,0,0,0,0,0,0,0,0,0,0,0,0,0,0,0,0,0,0,0,0,0,0,0,0,0,0,0,6,0,0,0,0,0,1,0,0,0,0,0,0,0,0,0,0,0,0,0,0
treaty_10.xml,0,0,0,0,0,0,0,114,0,0,0,0,5,0,0,0,0,0,5,28,10,0,62,0,0,3,0,0,0,122,0,0,31,0,0,0,0,0,31,0,0,0,0,0,0,0,5,0,0,0
letters.0608.xml,0,0,0,0,0,0,0,0,0,0,0,1,0,0,0,0,0,0,0,2,0,0,0,0,0,0,0,0,1,3,0,0,0,0,0,0,0,0,0,0,0,0,0,0,0,0,0,0,0,0
txt_GrayTh1716_wlt08.xml,0,0,0,0,0,0,0,0,0,0,0,0,1,0,0,0,0,0,1,0,0,9,0,1,1,0,0,0,0,0,0,0,0,0,0,0,0,0,0,0,0,0,0,0,0,0,0,0,0,0
txt_GrayTh1716_wcand.xml,0,0,0,0,266,0,0,0,0,0,0,0,1,0,0,0,0,0,1,0,0,34,0,7,1,0,0,0,0,0,0,78,0,0,0,0,0,0,0,0,0,0,0,0,0,0,0,0,0,297
letters.0430.xml,0,0,0,0,0,0,0,0,0,1,0,0,0,0,0,0,0,0,0,9,0,0,1,0,0,0,0,0,0,4,0,0,0,0,0,0,0,0,0,1,0,0,0,0,0,0,0,0,0,0
letters.0519.xml,0,0,0,0,0,0,0,0,0,1,0,1,0,0,0,0,0,0,0,0,0,0,1,0,0,0,0,0,1,2,0,0,0,0,0,0,0,0,0,2,0,0,1,0,0,0,0,0,0,0
letters.0493.xml,0,0,0,0,0,0,0,0,0,0,0,1,0,0,0,0,0,0,0,0,0,0,0,0,0,0,0,0,1,1,0,0,0,0,0,0,0,0,0,0,0,0,0,0,0,0,0,0,0,0
letters.0032.xml,0,0,0,0,0,0,0,0,0,1,0,0,0,0,0,0,0,0,0,0,0,0,1,0,0,0,0,0,1,1,0,0,0,0,0,0,0,0,0,2,0,0,1,0,0,0,0,0,0,0
letters.0003.xml,0,0,0,0,0,0,0,0,0,2,0,1,0,0,0,0,0,0,0,9,0,0,15,0,0,0,0,0,2,2,0,0,0,0,1,0,0,0,0,3,0,0,1,0,0,0,0,0,0,0
letters.0011.xml,0,0,0,0,0,0,0,0,0,1,0,1,0,0,0,0,0,0,0,0,0,0,0,0,0,0,0,0,1,3,0,0,0,0,0,0,0,0,0,0,0,0,1,0,0,0,0,0,0,0
txt_GrayTh1716_wimp2.xml,0,0,0,0,738,0,0,0,0,0,0,0,1,0,1,0,0,0,1,0,0,108,0,3,1,0,0,0,0,1,0,136,0,0,0,0,0,0,0,0,0,0,0,0,0,0,0,0,0,848
letters.0208.xml,0,0,0,0,0,0,0,0,0,1,0,1,0,0,0,0,0,0,0,0,0,0,1,0,0,0,0,0,1,2,0,0,0,0,1,0,0,0,0,2,0,0,1,0,0,0,0,0,0,0
letters.0277.xml,0,0,0,0,0,0,0,0,0,1,0,1,0,0,0,0,0,0,0,18,0,0,1,0,0,0,0,0,1,4,0,0,0,0,1,0,0,0,0,2,0,0,1,0,0,0,0,0,0,0
letters.0341.xml,0,0,0,0,0,0,0,40,0,1,0,1,0,0,0,0,0,0,1,22,0,0,39,0,0,0,0,0,1,8,0,0,0,0,1,0,0,0,20,2,0,0,0,0,0,0,2,0,0,0
letters.0618.xml,0,0,0,0,0,0,0,0,0,1,0,1,0,0,0,0,0,0,0,0,0,0,0,0,0,0,0,0,0,1,0,0,0,0,0,0,0,0,0,1,0,0,0,0,0,0,0,0,0,0
letters.0122.xml,0,0,0,0,0,0,0,0,0,0,0,1,0,0,0,0,0,0,0,0,0,0,25,0,0,0,0,0,1,7,0,0,0,0,0,1,0,0,0,0,0,0,0,0,0,0,0,0,0,0
letters.0270.xml,0,0,0,0,0,0,0,0,0,1,0,1,0,0,0,0,0,0,0,2,0,0,1,0,0,0,0,0,1,1,0,0,0,0,0,0,0,0,0,2,0,0,1,0,0,0,0,0,0,0
letters.0536.xml,0,0,0,0,0,0,0,0,0,0,0,1,0,0,0,0,0,0,0,1,0,0,0,0,0,0,0,0,1,5,0,0,0,0,0,0,0,0,0,1,0,0,0,0,0,0,0,0,0,0
treaty_03.xml,0,0,0,0,0,0,0,0,0,0,0,0,5,0,0,0,2,0,5,1,24,0,84,0,0,1,0,0,0,82,0,0,76,0,0,0,0,0,0,0,0,0,0,0,0,0,0,0,0,0
letters.0008.xml,0,0,0,0,0,0,0,0,0,1,0,1,0,0,0,0,0,0,0,0,0,0,5,0,0,0,0,0,1,2,0,0,0,0,0,1,0,0,0,1,0,0,1,0,0,0,0,0,0,0
letters.0414.xml,0,0,0,0,0,0,0,0,0,1,0,1,0,0,0,0,0,0,0,1,0,0,1,0,0,0,0,0,1,1,0,0,0,0,0,0,0,0,0,2,0,0,1,0,0,0,0,0,0,0
letters.0556.xml,0,0,0,0,0,0,0,0,0,0,0,0,0,0,0,0,0,0,0,1,0,0,0,0,0,0,0,0,0,3,0,0,0,0,0,0,0,0,0,0,0,0,0,0,0,0,0,0,0,0
letters.0235.xml,0,0,0,0,0,0,0,0,0,0,0,1,0,0,0,0,0,0,0,0,0,0,0,0,0,0,0,0,1,2,0,0,0,0,0,0,0,0,0,0,0,0,0,0,0,0,0,0,0,0
letters.0017.xml,0,0,0,0,0,0,0,0,0,1,0,1,0,0,0,0,0,0,0,0,0,0,1,0,0,0,0,0,1,2,0,0,0,0,0,0,0,0,0,2,0,0,1,0,0,0,0,0,0,0
txt_GrayTh1716_welcc.xml,0,0,3,0,1010,0,0,0,0,0,0,0,1,4,0,0,0,0,2,0,0,146,1,33,1,0,0,3,0,0,0,207,0,0,0,1,0,0,0,0,0,0,0,0,0,0,0,0,0,1157
letters.0149.xml,0,0,0,0,0,0,0,0,0,1,0,1,0,0,0,0,0,0,0,1,0,0,30,0,0,0,0,0,0,14,0,0,0,0,1,4,0,0,0,1,0,0,1,0,0,0,0,0,0,0
letters.0025.xml,0,0,0,0,0,0,0,0,0,0,0,0,0,0,0,0,0,0,0,0,0,0,26,0,0,0,0,0,0,2,0,0,0,0,0,1,0,0,0,0,0,0,0,0,0,0,0,0,0,0
letters.0377.xml,0,0,0,0,0,0,0,0,0,1,0,1,0,0,0,0,0,0,0,36,0,0,3,0,0,0,0,0,1,25,0,0,0,0,0,0,0,0,0,2,0,0,0,0,0,0,0,0,0,0
letters.0522.xml,0,0,0,0,0,0,0,0,0,1,0,1,0,0,0,0,0,0,0,6,10,0,1,0,0,1,0,0,1,6,0,0,0,0,1,0,0,0,0,2,0,0,1,0,0,0,0,0,0,0
letters.0180.xml,0,0,0,0,0,0,0,0,0,1,0,1,0,0,0,0,0,0,0,10,0,0,0,0,0,0,0,0,1,2,0,0,0,0,0,0,0,0,0,1,0,0,1,0,0,0,0,0,0,0
letters.0384.xml,0,0,0,0,0,0,0,0,0,1,0,1,0,0,0,0,0,0,0,1,0,0,0,0,0,0,0,0,0,2,0,0,0,0,0,0,0,0,0,0,0,0,0,0,0,0,0,0,0,0
letters.0517.xml,0,0,0,0,0,0,0,0,0,1,0,1,0,0,0,0,0,0,0,17,0,0,8,0,0,0,0,0,1,5,0,0,0,0,0,1,0,0,0,2,0,0,1,0,0,0,0,0,0,0
letters.0349.xml,0,0,0,0,0,0,0,102,0,1,0,1,0,0,0,0,0,0,0,14,0,0,1,0,0,0,0,0,1,6,0,0,0,0,0,0,0,0,34,2,0,0,1,0,0,0,1,0,0,0
letters.0184.xml,0,0,0,0,0,0,0,0,0,1,0,0,0,0,0,0,0,0,0,0,0,0,1,0,0,0,0,0,1,4,0,0,0,0,1,0,0,0,0,2,0,0,1,0,0,0,0,0,0,0
letters.0099.xml,0,0,0,0,0,0,0,0,0,0,0,1,0,0,0,0,0,0,0,0,0,0,60,0,0,0,0,0,1,6,0,0,0,0,0,3,0,0,0,0,0,0,0,0,0,0,0,0,0,0
letters.0527.xml,0,0,0,0,0,0,0,0,0,1,0,1,0,0,0,0,0,0,0,6,0,0,1,0,0,0,0,0,1,6,0,0,0,0,0,0,0,0,0,1,0,0,1,0,0,0,0,0,0,0
letters.0495.xml,0,0,0,0,0,0,0,26,0,1,0,1,0,0,0,0,0,0,0,13,0,0,1,0,0,0,0,0,1,3,0,0,0,0,1,0,0,0,13,2,0,0,1,0,0,0,1,0,0,0
letters.0226.xml,0,0,0,0,0,0,0,0,0,1,0,1,0,0,0,0,0,0,0,4,0,0,1,0,0,0,0,0,1,6,0,0,0,0,1,0,0,0,0,2,0,0,1,0,0,0,0,0,0,0
letters.0323.xml,0,0,0,0,0,0,0,0,0,1,0,1,0,0,0,0,0,0,0,0,0,0,1,0,0,0,0,0,1,3,0,0,0,0,0,0,0,0,0,2,0,0,1,0,0,0,0,0,0,0
letters.0043.xml,0,0,0,0,0,0,0,0,0,1,0,1,0,0,0,0,0,0,0,0,0,0,0,0,0,0,0,0,0,1,0,0,0,0,0,0,0,0,0,1,0,0,0,0,0,0,0,0,0,0
letters.0463.xml,0,0,0,0,0,0,0,0,0,1,0,1,0,0,0,0,0,0,0,2,0,0,1,0,0,0,0,0,1,4,0,0,0,0,1,0,0,0,0,2,0,0,1,0,0,0,0,0,0,0
letters.0026.xml,0,0,0,0,0,0,0,0,0,1,0,1,0,0,0,0,0,0,0,0,0,0,0,0,0,0,0,0,0,4,0,0,0,0,0,1,0,0,0,1,0,0,1,0,0,0,0,0,0,0
letters.0200.xml,0,0,0,0,0,0,0,0,0,1,0,1,0,0,0,0,0,0,0,0,0,0,1,0,0,0,0,0,1,2,0,0,0,0,0,0,0,0,0,1,0,0,1,0,0,0,0,0,0,0
letters.0257.xml,0,0,0,0,0,0,0,0,0,1,0,1,0,0,0,0,0,0,0,0,0,0,1,0,0,0,0,0,1,1,0,0,0,0,0,0,0,0,0,1,0,0,1,0,0,0,0,0,0,0
letters.0521.xml,0,0,0,0,0,0,0,0,0,1,0,0,0,0,0,0,0,0,0,16,10,0,4,0,0,1,0,0,0,5,0,0,0,0,1,0,0,0,0,1,0,0,1,0,0,0,0,0,0,0
letters.0147.xml,0,0,0,0,0,0,0,0,0,1,0,1,0,0,0,0,0,0,0,7,0,0,0,0,0,0,0,0,1,3,0,0,0,0,0,0,0,0,0,2,0,0,1,0,0,0,0,0,0,0
letters.0422.xml,0,0,0,0,0,0,0,0,0,1,0,1,0,0,0,0,0,0,0,0,0,0,1,0,0,0,0,0,1,1,0,0,0,0,0,0,0,0,0,2,0,0,1,0,0,0,0,0,0,0
letters.0275.xml,0,0,0,0,0,0,0,0,0,1,0,1,0,0,0,0,0,0,0,1,0,0,1,0,0,0,0,0,1,3,0,0,0,0,0,0,0,0,0,2,0,0,1,0,0,0,0,0,0,0
letters.0187.xml,0,0,0,0,0,0,0,0,0,0,0,0,0,0,0,0,0,0,0,13,0,0,0,0,0,0,0,0,1,12,0,0,0,0,0,0,0,0,0,1,0,0,0,0,0,0,0,0,0,0
letters.0553.xml,0,0,0,0,0,0,0,0,0,1,0,0,0,0,0,0,0,0,0,1,0,0,0,0,0,0,0,0,1,4,0,0,0,0,0,0,0,0,0,2,0,0,1,0,0,0,0,0,0,0
letters.0315.xml,0,0,0,0,0,0,0,0,0,1,0,1,0,0,0,0,0,0,0,1,0,0,1,0,0,0,0,0,1,1,0,0,0,0,0,0,0,0,0,1,0,0,1,0,0,0,0,0,0,0
letters.0014.xml,0,0,0,0,0,0,0,0,0,0,0,1,0,0,0,0,0,0,0,1,0,0,0,0,0,0,0,0,1,3,0,0,0,0,0,0,0,0,0,1,0,0,0,0,0,0,0,0,0,0
letters.0529.xml,0,0,0,0,0,0,0,18,0,1,0,1,0,0,0,0,0,0,0,6,0,0,1,0,0,0,0,0,1,5,0,0,0,0,0,0,0,0,6,1,0,0,1,0,0,0,1,0,0,0
letters.0514.xml,0,0,0,0,0,0,0,0,0,1,0,1,0,0,0,0,0,0,0,4,0,0,2,0,0,0,0,0,0,5,0,0,0,0,0,1,0,0,0,1,0,0,1,0,0,0,0,0,0,0
txt_GrayTh1716_wepmm.xml,0,0,0,0,33,0,0,0,0,0,0,0,1,0,0,0,0,0,1,0,0,4,0,1,1,0,0,0,0,0,0,11,0,0,0,0,0,0,0,0,0,0,0,0,0,0,0,0,0,38
letters.0181.xml,0,0,0,0,0,0,0,0,0,1,0,1,0,0,0,0,0,0,0,2,0,0,1,0,0,0,0,0,1,2,0,0,0,0,0,0,0,0,0,1,0,0,1,0,0,0,0,0,0,0
letters.0183.xml,0,0,0,0,0,0,0,0,0,1,0,1,0,0,0,0,0,0,0,1,0,0,1,0,0,0,0,0,0,1,0,0,0,0,0,0,0,0,0,1,0,0,1,0,0,0,0,0,0,0
letters.0279.xml,0,0,0,0,0,0,0,0,0,1,0,1,0,0,0,0,0,0,0,4,0,0,2,0,0,0,0,0,1,4,0,0,0,0,0,0,0,0,0,2,0,0,1,0,0,0,0,0,0,0
letters.0417.xml,0,0,0,0,0,0,0,0,0,1,0,1,0,0,0,0,0,0,0,4,0,0,1,0,0,0,0,0,1,5,0,0,0,0,0,0,0,0,0,2,0,0,0,0,0,0,0,0,0,0
letters.0471.xml,0,0,0,0,0,0,0,0,0,1,0,1,0,0,0,0,0,0,0,6,0,0,1,0,0,0,0,0,1,6,0,0,0,0,1,0,0,0,0,1,0,0,1,0,0,0,0,0,0,0
letters.0135.xml,0,0,0,0,0,0,0,0,0,1,0,1,0,0,0,0,0,0,0,1,0,0,0,0,0,0,0,0,1,4,0,0,0,0,0,0,0,0,0,2,0,0,1,0,0,0,0,0,0,0
letters.0098.xml,0,0,0,0,0,0,0,0,0,0,0,2,1,0,0,0,0,0,0,0,0,0,1,0,0,0,0,0,2,7,0,0,0,0,0,2,0,0,0,0,0,0,0,0,0,0,0,0,0,0
txt_GrayTh1716_wlt06.xml,0,0,0,0,0,0,0,0,0,0,0,0,1,1,0,0,0,0,1,0,0,29,1,3,1,0,0,0,0,0,0,0,0,0,0,0,0,0,0,0,0,0,0,0,0,0,0,0,0,0
letters.0635.xml,0,0,0,0,0,0,0,0,0,1,0,1,0,0,0,0,0,0,0,0,0,0,1,0,0,0,0,0,1,4,0,0,0,0,1,0,0,0,0,1,0,0,1,0,0,0,0,0,0,0
treaty_04.xml,0,0,0,0,0,0,0,0,0,0,0,0,3,0,0,0,2,0,3,0,8,0,127,0,0,1,0,0,0,95,0,0,101,0,0,0,0,0,0,0,0,0,0,0,0,0,0,0,0,0
letters.0237.xml,0,0,0,0,0,0,0,0,0,1,0,1,0,0,0,0,0,0,0,0,0,0,31,0,0,0,0,0,1,7,0,0,0,0,0,1,0,0,0,2,0,0,0,0,0,0,0,0,0,0
letters.0243.xml,0,0,0,0,0,0,0,0,0,1,0,1,0,0,0,0,0,0,0,6,0,0,0,0,0,0,0,0,1,8,0,0,0,0,1,0,0,0,0,1,0,0,1,0,0,0,0,0,0,0
letters.0174.xml,0,0,0,0,0,0,0,0,0,1,0,1,0,0,0,0,0,0,0,31,0,0,0,0,0,0,0,0,1,4,0,0,0,0,1,1,0,0,0,2,0,0,1,0,0,0,0,0,0,0
letters.0455.xml,0,0,0,0,0,0,0,0,0,1,0,1,0,0,0,0,0,0,0,1,0,0,1,0,0,0,0,0,1,5,0,0,0,0,1,0,0,0,0,2,0,0,1,0,0,0,0,0,0,0
letters.0470.xml,0,0,0,0,0,0,0,0,0,1,0,0,0,0,0,0,0,0,0,2,0,0,1,0,0,0,0,0,0,2,0,0,0,0,0,0,0,0,0,1,0,0,0,0,0,0,0,0,0,0
letters.0168.xml,0,0,0,0,0,0,0,0,0,1,0,1,0,0,0,0,0,0,0,1,0,0,0,0,0,0,0,0,1,5,0,0,0,0,0,0,0,0,0,2,0,0,1,0,0,0,0,0,0,0
txt_GrayTh1716_wcoub.xml,0,0,0,0,17,0,0,0,0,0,0,0,1,0,0,0,0,0,1,0,0,2,0,1,1,0,0,0,0,0,0,4,0,0,0,0,0,0,0,0,0,0,0,0,0,0,0,0,0,20
letters.0007.xml,0,0,0,0,0,0,0,0,0,1,0,1,0,0,0,0,0,0,0,0,0,0,3,0,0,0,0,0,1,1,0,0,0,0,0,0,0,0,0,2,0,0,1,0,0,0,0,0,0,0
letters.0398.xml,0,0,0,0,0,0,0,0,0,1,0,1,0,0,0,0,0,0,0,0,0,0,21,0,0,0,0,0,1,5,0,0,0,0,1,1,0,0,0,2,0,0,1,0,0,0,0,0,0,0
letters.0370.xml,0,0,0,0,0,0,0,0,0,1,0,1,0,0,0,0,0,0,0,4,0,0,1,0,0,0,0,0,1,7,0,0,0,0,0,0,0,0,0,2,0,0,1,0,0,0,0,0,0,0
letters.0167.xml,0,0,0,0,0,0,0,0,0,1,0,0,0,0,0,0,0,0,0,0,0,0,1,0,0,0,0,0,1,1,0,0,0,0,0,0,0,0,0,2,0,0,1,0,0,0,0,0,0,0
letters.0095.xml,0,0,0,0,0,0,0,0,0,1,0,1,2,0,0,0,0,0,0,3,0,0,0,0,0,0,0,0,1,5,0,0,0,0,0,0,0,0,0,1,0,0,1,0,0,0,0,0,0,0
letters.0412.xml,0,0,0,0,0,0,0,0,0,1,0,1,0,0,0,0,0,0,0,1,0,0,1,0,0,0,0,0,1,3,0,0,0,0,1,0,0,0,0,2,0,0,1,0,0,0,0,0,0,0
txt_GrayTh1716_wimp3.xml,0,0,0,0,394,0,0,0,0,0,0,0,1,0,0,0,0,0,1,0,0,58,0,3,1,0,0,0,0,0,0,78,0,0,0,0,0,0,0,0,0,0,0,0,0,0,0,0,0,453
letters.0600.xml,0,0,0,0,0,0,0,0,0,1,0,1,0,0,0,0,0,0,0,3,0,0,1,0,0,0,0,0,1,3,0,0,0,0,1,0,0,0,0,2,0,0,1,0,0,0,0,0,0,0
letters.0139.xml,0,0,0,0,0,0,0,0,0,1,0,1,0,0,0,0,0,0,0,0,0,0,107,0,0,0,0,0,1,10,0,0,0,0,2,0,0,0,0,2,0,0,0,0,0,0,0,0,0,0
letters.0131.xml,0,0,0,0,0,0,0,0,0,2,0,1,0,0,0,0,0,0,0,0,0,0,0,0,0,0,0,0,1,2,0,0,0,0,1,0,0,0,0,1,0,0,1,0,0,0,0,0,0,0
letters.0083.xml,0,0,0,0,0,0,0,0,0,1,0,1,0,0,0,0,0,0,0,0,0,0,0,0,0,0,0,0,1,1,0,0,0,0,0,0,0,0,0,1,0,0,0,0,0,0,0,0,0,0
txt_GrayTh1716_whyig.xml,0,0,0,0,236,0,0,0,0,0,0,0,1,0,0,0,0,0,1,0,0,38,0,5,1,0,0,0,0,0,0,64,0,0,0,0,0,0,0,0,0,0,0,0,0,0,0,0,0,271
letters.0283.xml,0,0,0,0,0,0,0,0,0,1,0,1,0,0,0,0,0,0,0,6,0,0,1,0,0,0,0,0,1,6,0,0,0,0,1,0,0,0,0,2,0,0,1,0,0,0,0,0,0,0
letters.0379.xml,0,0,0,0,0,0,0,0,0,1,0,1,0,0,0,0,0,0,0,5,0,0,0,0,0,0,0,0,1,6,0,0,0,0,0,0,0,0,0,2,0,0,0,0,0,0,0,0,0,0
txt_GrayTh1716_wchcc.xml,0,0,0,0,426,0,0,0,0,0,0,0,1,3,0,0,0,0,1,0,0,61,0,1,1,0,0,0,0,0,0,111,0,0,0,0,0,0,0,0,0,0,0,0,0,0,0,0,0,479
letters.0316.xml,0,0,0,0,0,0,0,0,0,0,0,0,0,0,0,0,0,0,0,12,0,0,0,0,0,0,0,0,0,7,0,0,0,0,0,0,0,0,0,0,0,0,0,0,0,0,0,0,0,0
letters.0213.xml,0,0,0,0,0,0,0,0,0,1,0,1,0,0,0,0,0,0,0,1,0,0,2,0,0,0,0,0,1,4,0,0,0,0,1,0,0,0,0,2,0,0,1,0,0,0,0,0,0,0
txt_GrayTh1716_wcona.xml,0,0,0,0,44,0,0,0,0,0,0,0,1,0,0,0,0,0,1,0,0,10,0,1,1,0,0,0,0,0,0,14,0,0,0,0,0,0,0,0,0,0,0,0,0,0,0,0,0,55
letters.0462.xml,0,0,0,0,0,0,0,0,0,1,0,1,0,0,0,0,0,0,0,0,0,0,0,0,0,0,0,0,1,5,0,0,0,0,0,0,0,0,0,2,0,0,1,0,0,0,0,0,0,0
letters.0428.xml,0,0,0,0,0,0,0,0,0,1,0,1,0,0,0,0,0,0,0,1,0,0,1,0,0,0,0,0,1,3,0,0,0,0,1,0,0,0,0,2,0,0,1,0,0,0,0,0,0,0
txt_GrayTh1716_wfsio.xml,0,0,2,0,633,0,0,0,0,0,0,0,3,13,0,0,0,0,3,0,0,67,3,16,1,0,0,3,0,1,0,159,5,1,0,0,0,0,0,0,0,0,0,0,0,0,0,0,0,711
letters.0394.xml,0,0,0,0,0,0,0,0,0,1,0,1,0,0,0,0,0,0,0,0,0,0,0,0,0,0,0,0,0,2,0,0,0,0,0,0,0,0,0,0,0,0,0,0,0,0,0,0,0,0
letters.0403.xml,0,0,0,0,0,0,0,0,0,0,0,0,0,0,0,0,0,0,0,0,0,0,0,0,0,0,0,0,0,3,0,0,0,0,0,0,0,0,0,0,0,0,0,0,0,0,0,0,0,0
txt_GrayTh1716_winma.xml,0,0,0,0,57,0,0,0,0,0,0,0,1,0,0,0,0,0,1,0,0,8,0,1,1,0,0,0,0,0,0,10,0,0,0,0,0,0,0,0,0,0,0,0,0,0,0,0,0,66
letters.0146.xml,0,0,0,0,0,0,0,0,0,1,0,1,0,0,0,0,0,0,0,3,0,0,1,0,0,0,0,0,1,2,0,0,0,0,0,0,0,0,0,1,0,0,1,0,0,0,0,0,0,0
letters.0396.xml,0,0,0,0,0,0,0,0,0,0,0,1,0,0,0,0,0,0,0,0,0,0,0,0,0,0,0,0,1,3,0,0,0,0,0,0,0,0,0,1,0,0,0,0,0,0,0,0,0,0
letters.0238.xml,0,0,0,0,0,0,0,0,0,1,0,1,0,0,0,0,0,0,0,0,0,0,1,0,0,0,0,0,1,1,0,0,0,0,0,0,0,0,0,1,0,0,1,0,0,0,0,0,0,0
letters.0264.xml,0,0,0,0,0,0,0,0,0,1,0,1,0,0,0,0,0,0,0,2,0,0,0,0,0,0,0,0,1,1,0,0,0,0,0,0,0,0,0,2,0,0,1,0,0,0,0,0,0,0
letters.0570.xml,0,0,0,0,0,0,0,0,0,1,0,1,0,0,0,0,0,0,0,3,0,0,1,0,0,0,0,0,1,5,0,0,0,0,0,0,0,0,0,2,0,0,1,0,0,0,0,0,0,0
letters.0421.xml,0,0,0,0,0,0,0,0,0,1,0,1,0,0,0,0,0,0,0,3,0,0,0,0,0,0,0,0,1,3,0,0,0,0,0,0,0,0,0,2,0,0,1,0,0,0,0,0,0,0
letters.0641.xml,0,0,0,0,0,0,0,0,0,2,0,0,0,0,0,0,0,0,0,0,0,0,70,0,0,0,0,0,1,12,0,0,0,0,2,1,0,0,0,3,0,0,2,0,0,0,0,0,0,0
letters.0191.xml,0,0,0,0,0,0,0,0,0,1,0,0,0,0,0,0,0,0,0,2,0,0,0,0,0,0,0,0,0,3,0,0,0,0,1,0,0,0,0,1,0,0,1,0,0,0,0,0,0,0
letters.0246.xml,0,0,0,0,0,0,0,0,0,1,0,1,0,0,0,0,0,0,0,12,0,0,1,0,0,0,0,0,1,4,0,0,0,0,0,0,0,0,0,2,0,0,1,0,0,0,0,0,0,0
letters.0216.xml,0,0,0,0,0,0,0,0,0,1,0,1,0,0,0,0,0,0,0,15,0,0,0,0,0,0,0,0,1,13,0,0,0,0,1,0,0,0,0,0,0,0,1,0,0,0,0,0,0,0
letters.0134.xml,0,0,0,0,0,0,0,0,0,1,0,1,0,0,0,0,0,0,0,1,0,0,0,0,0,0,0,0,0,2,0,0,0,0,0,0,0,0,0,1,0,0,1,0,0,0,0,0,0,0
letters.0357.xml,0,0,0,0,0,0,0,0,0,0,0,0,0,0,0,0,0,0,0,0,0,0,0,0,0,0,0,0,0,4,0,0,0,0,0,0,0,0,0,0,0,0,0,0,0,0,0,0,0,0
letters.0173.xml,0,0,0,0,0,0,0,0,0,2,0,1,0,0,0,0,0,0,0,2,0,0,1,0,0,0,0,0,1,2,0,0,0,0,1,0,0,0,0,3,0,0,1,0,0,0,0,0,0,0
letters.0126.xml,0,0,0,0,0,0,0,0,0,1,0,1,0,0,0,0,0,0,0,4,0,0,0,0,0,0,0,0,1,5,0,0,0,0,1,0,0,0,0,2,0,0,1,0,0,0,0,0,0,0
treaty_08.xml,0,0,0,0,0,0,0,511,2,0,2,0,7,0,0,0,0,0,7,93,0,0,231,0,0,0,0,0,0,229,0,0,198,0,0,0,0,0,92,0,0,2,0,0,0,0,6,0,0,0
letters.0207.xml,0,0,0,0,0,0,0,0,0,1,0,1,0,0,0,0,0,0,0,2,0,0,2,0,0,0,0,0,1,1,0,0,0,0,0,0,0,0,0,2,0,0,1,0,0,0,0,0,0,0
letters.0309.xml,0,0,0,0,0,0,0,0,0,1,0,0,0,0,0,0,0,0,0,5,0,0,1,0,0,0,0,0,1,3,0,0,0,0,1,0,0,0,0,2,0,0,1,0,0,0,0,0,0,0
letters.0435.xml,0,0,0,0,0,0,0,0,0,1,0,1,0,0,0,0,0,0,0,6,0,0,1,0,0,0,0,0,1,4,0,0,0,0,0,0,0,0,0,2,0,0,1,0,0,0,0,0,0,0
letters.0638.xml,0,0,0,0,0,0,0,0,0,1,0,1,0,0,0,0,0,0,0,0,0,0,1,0,0,0,0,0,1,1,0,0,0,0,0,0,0,0,0,2,0,0,1,0,0,0,0,0,0,0
letters.0369.xml,0,0,0,0,0,0,0,8,0,0,0,1,0,0,0,0,0,0,0,40,0,0,5,0,0,0,0,0,1,25,0,0,0,0,0,1,0,0,4,0,0,0,0,0,0,0,1,0,0,0
letters.0214.xml,0,0,0,0,0,0,0,0,0,0,0,0,0,0,0,0,0,0,0,0,10,0,0,0,0,1,0,0,0,2,0,0,0,0,0,0,0,0,0,0,0,0,0,0,0,0,0,0,0,0
letters.0302.xml,0,0,0,0,0,0,0,0,0,1,0,1,0,0,0,0,0,0,0,4,0,0,0,0,0,0,0,0,1,6,0,0,0,0,1,0,0,0,0,1,0,0,0,0,0,0,0,0,0,0
letters.0175.xml,0,0,0,0,0,0,0,0,0,0,0,0,0,0,0,0,0,0,0,0,0,0,0,0,0,0,0,0,0,1,0,0,0,0,0,0,0,0,0,0,0,0,0,0,0,0,0,0,0,0
letters.0256.xml,0,0,0,0,0,0,0,0,0,1,0,1,0,0,0,0,0,0,0,0,0,0,1,0,0,0,0,0,1,2,0,0,0,0,0,0,0,0,0,1,0,0,1,0,0,0,0,0,0,0
letters.0076.xml,0,0,0,0,0,0,0,0,0,1,0,1,0,0,0,0,0,0,0,2,0,0,0,0,0,0,0,0,1,2,0,0,0,0,0,0,0,0,0,2,0,0,1,0,0,0,0,0,0,0
letters.0321.xml,0,0,0,0,0,0,0,0,0,0,0,1,0,0,0,0,0,0,0,3,0,0,0,0,0,0,0,0,1,2,0,0,0,0,0,0,0,0,0,0,0,0,0,0,0,0,0,0,0,0
letters.0137.xml,0,0,0,0,0,0,0,0,0,1,0,1,0,0,0,0,0,0,0,0,0,0,0,0,0,0,0,0,1,1,0,0,0,0,0,0,0,0,0,2,0,0,1,0,0,0,0,0,0,0
letters.0500.xml,0,0,0,0,0,0,0,0,0,1,0,1,0,0,0,0,0,0,0,0,0,0,1,0,0,0,0,0,1,4,0,0,0,0,1,0,0,0,0,2,0,0,1,0,0,0,0,0,0,0
letters.0429.xml,0,0,0,0,0,0,0,0,0,1,0,1,0,0,0,0,0,0,0,31,0,0,11,0,0,0,0,0,1,9,0,0,0,0,0,0,0,0,0,2,0,0,0,0,0,0,0,0,0,0
letters.0440.xml,0,0,0,0,0,0,0,0,0,1,0,1,0,0,0,0,0,0,0,0,0,0,1,0,0,0,0,0,1,2,0,0,0,0,1,0,0,0,0,1,0,0,1,0,0,0,0,0,0,0
letters.0186.xml,0,0,0,0,0,0,0,0,0,0,0,1,0,0,0,0,0,0,0,0,0,0,0,0,0,0,0,0,1,1,0,0,0,0,0,0,0,0,0,0,0,0,0,0,0,0,0,0,0,0
letters.0070.xml,0,0,0,0,0,0,0,0,0,0,0,1,0,0,0,0,0,0,0,0,0,0,0,0,0,0,0,0,1,2,0,0,0,0,0,0,0,0,0,0,0,0,0,0,0,0,0,0,0,0
letters.0646.xml,0,0,0,0,0,0,0,0,0,1,0,1,0,0,0,0,0,0,0,6,0,0,1,0,0,0,0,0,1,1,0,0,0,0,0,0,0,0,0,2,0,0,1,0,0,0,0,0,0,0
letters.0351.xml,0,0,0,0,0,0,0,0,0,1,0,1,0,0,0,0,0,0,0,4,0,0,3,0,0,0,0,0,1,2,0,0,0,0,0,0,0,0,0,2,0,0,1,0,0,0,0,0,0,0
letters.0444.xml,0,0,0,0,0,0,0,0,0,1,0,1,0,0,0,0,0,0,0,4,0,0,0,0,0,0,0,0,1,4,0,0,0,0,0,0,0,0,0,2,0,0,1,0,0,0,0,0,0,0
letters.0431.xml,0,0,0,0,0,0,0,0,0,1,0,1,0,0,0,0,0,0,0,16,0,0,1,0,0,0,0,0,1,3,0,0,0,0,0,0,0,0,0,2,0,0,1,0,0,0,0,0,0,0
letters.0124.xml,0,0,0,0,0,0,0,0,0,0,0,1,0,0,0,0,0,0,0,0,0,0,0,0,0,0,0,0,1,1,0,0,0,0,0,0,0,0,0,0,0,0,0,0,0,0,0,0,0,0
letters.0574.xml,0,0,0,0,0,0,0,0,0,0,0,1,2,0,0,0,0,0,0,3,0,0,0,0,0,0,0,0,1,6,0,0,0,0,0,0,0,0,0,0,0,0,0,0,0,0,0,0,0,0
letters.0501.xml,0,0,0,0,0,0,0,0,0,1,0,1,0,0,0,0,0,0,0,0,0,0,1,0,0,0,0,0,1,2,0,0,0,0,1,0,0,0,0,2,0,0,1,0,0,0,0,0,0,0
letters.0224.xml,0,0,0,0,0,0,0,0,0,0,0,1,0,0,0,0,0,0,0,0,0,0,0,0,0,0,0,0,1,2,0,0,0,0,0,0,0,0,0,1,0,0,0,0,0,0,0,0,0,0
txt_GrayTh1716_woxst.xml,0,0,0,0,155,0,0,0,0,0,0,0,1,0,0,0,0,0,1,0,0,24,0,1,1,0,0,0,0,0,0,33,0,0,0,0,0,0,0,0,0,0,0,0,0,0,0,0,0,180
letters.0172.xml,0,0,0,0,0,0,0,0,0,1,0,1,0,0,0,0,0,0,0,0,0,0,0,0,0,0,0,0,1,2,0,0,0,0,0,0,0,0,0,2,0,0,1,0,0,0,0,0,0,0
letters.0091.xml,0,0,0,0,0,0,0,0,0,1,0,1,2,0,0,0,0,0,0,0,0,0,2,0,0,0,0,0,1,34,0,0,0,0,1,0,0,0,0,2,0,0,1,0,0,0,0,0,0,0
letters.0232.xml,0,0,0,0,0,0,0,0,0,1,0,1,0,0,0,0,0,0,0,0,0,0,0,0,0,0,0,0,1,1,0,0,0,0,0,0,0,0,0,1,0,0,1,0,0,0,0,0,0,0
letters.0189.xml,0,0,0,0,0,0,0,0,0,1,0,1,0,0,0,0,0,0,0,4,0,0,1,0,0,0,0,0,1,2,0,0,0,0,0,0,0,0,0,1,0,0,1,0,0,0,0,0,0,0
letters.0575.xml,0,0,0,0,0,0,0,0,0,1,0,1,0,0,0,0,0,0,0,4,0,0,0,0,0,0,0,0,0,1,0,0,0,0,0,0,0,0,0,0,0,0,0,0,0,0,0,0,0,0
letters.0142.xml,0,0,0,0,0,0,0,0,0,1,0,1,0,0,0,0,0,0,0,0,0,0,1,0,0,0,0,0,1,3,0,0,0,0,0,0,0,0,0,2,0,0,1,0,0,0,0,0,0,0
letters.0082.xml,0,0,0,0,0,0,0,0,0,0,0,1,0,0,0,0,0,0,0,0,0,0,0,0,0,0,0,0,1,1,0,0,0,0,0,0,0,0,0,0,0,0,0,0,0,0,0,0,0,0
txt_GrayTh1716_wlt16.xml,0,0,0,0,0,0,0,0,0,0,0,0,1,0,0,0,0,0,1,1,0,34,0,1,1,0,0,0,0,0,0,0,0,0,0,0,0,0,0,0,0,0,0,0,0,0,0,0,0,0
letters.0048.xml,0,0,0,0,0,0,0,0,0,1,0,0,0,0,0,0,0,0,0,0,0,0,2,0,0,0,0,0,1,3,0,0,0,0,0,1,0,0,0,2,0,0,1,0,0,0,0,0,0,0
letters.0340.xml,0,0,0,0,0,0,0,0,0,1,0,1,0,0,0,0,0,0,0,0,0,0,0,0,0,0,0,0,0,1,0,0,0,0,0,0,0,0,0,0,0,0,0,0,0,0,0,0,0,0
letters.0160.xml,0,0,0,0,0,0,0,0,0,1,0,1,0,0,0,0,0,0,0,4,0,0,0,0,0,0,0,0,1,2,0,0,0,0,0,0,0,0,0,1,0,0,1,0,0,0,0,0,0,0
txt_GrayTh1716_wlt13.xml,0,0,0,0,0,0,0,0,0,0,0,0,1,0,0,0,0,0,1,9,0,61,0,6,1,0,0,0,0,0,0,0,0,0,0,0,0,0,0,0,0,0,0,0,0,0,0,0,0,0
letters.0562.xml,0,0,0,0,0,0,0,0,0,2,0,1,2,0,0,0,0,0,0,1,0,0,0,0,0,0,0,0,1,2,0,0,0,0,0,0,0,0,0,3,0,0,1,0,0,0,0,0,0,0
letters.0301.xml,0,0,0,0,0,0,0,0,0,1,0,1,0,0,0,0,0,0,0,25,0,0,0,0,0,0,0,0,1,4,0,0,0,0,1,0,0,0,0,2,0,0,0,0,0,0,0,0,0,0
letters.0057.xml,0,0,0,0,0,0,0,0,0,1,0,1,0,0,0,0,0,0,0,8,0,0,54,0,0,0,0,0,0,3,0,0,0,0,0,2,0,0,0,1,0,0,0,0,0,0,0,0,0,0
letters.0056.xml,0,0,0,0,0,0,0,0,0,1,0,0,0,0,0,0,0,0,0,0,0,0,0,0,0,0,0,0,1,2,0,0,0,0,1,0,0,0,0,2,0,0,1,0,0,0,0,0,0,0
letters.0449.xml,0,0,0,0,0,0,0,0,0,1,0,1,0,0,0,0,0,0,0,4,0,0,0,0,0,0,0,0,1,5,0,0,0,0,1,0,0,0,0,1,0,0,1,0,0,0,0,0,0,0
letters.0442.xml,0,0,0,0,0,0,0,0,0,1,0,1,0,0,0,0,0,0,0,6,0,0,1,0,0,0,0,0,1,9,0,0,0,0,1,0,0,0,0,2,0,0,1,0,0,0,0,0,0,0
letters.0319.xml,0,0,0,0,0,0,0,0,0,0,0,1,0,0,0,0,0,0,0,2,0,0,0,0,0,0,0,0,1,2,0,0,0,0,0,0,0,0,0,0,0,0,0,0,0,0,0,0,0,0
letters.0411.xml,0,0,0,0,0,0,0,0,0,1,0,1,0,0,0,0,0,0,0,0,0,0,0,0,0,0,0,0,1,4,0,0,0,0,1,0,0,0,0,2,0,0,1,0,0,0,0,0,0,0
letters.0050.xml,0,0,0,0,0,0,0,0,0,1,0,1,0,0,0,0,0,0,0,16,0,0,7,0,0,0,0,0,1,13,0,0,0,0,0,6,0,0,0,2,0,0,1,0,0,0,0,0,0,0
letters.0506.xml,0,0,0,0,0,0,0,0,0,1,0,1,0,0,0,0,0,0,0,21,0,0,17,0,0,0,0,0,1,10,0,0,0,0,1,1,0,0,0,2,0,0,1,0,0,0,0,0,0,0
letters.0644.xml,0,0,0,0,0,0,0,0,0,1,0,1,0,0,0,0,0,0,0,1,0,0,0,0,0,0,0,0,0,2,0,0,0,0,0,0,0,0,0,1,0,0,1,0,0,0,0,0,0,0
letters.0616.xml,0,0,0,0,0,0,0,0,0,1,0,1,0,0,0,0,0,0,0,1,0,0,0,0,0,0,0,0,1,3,0,0,0,0,0,0,0,0,0,1,0,0,1,0,0,0,0,0,0,0
letters.0049.xml,0,0,0,0,0,0,0,0,0,1,0,0,0,0,0,0,0,0,0,0,0,0,1,0,0,0,0,0,1,1,0,0,0,0,0,0,0,0,0,2,0,0,1,0,0,0,0,0,0,0
letters.0182.xml,0,0,0,0,0,0,0,0,0,1,0,1,0,0,0,0,0,0,0,3,0,0,48,0,0,0,0,0,0,3,0,0,0,0,0,1,0,0,0,1,0,0,1,0,0,0,0,0,0,0
letters.0390.xml,0,0,0,0,0,0,0,0,0,0,0,0,0,0,0,0,0,0,0,0,0,0,11,0,0,0,0,0,1,6,0,0,0,0,0,1,0,0,0,1,0,0,0,0,0,0,0,0,0,0
letters.0233.xml,0,0,0,0,0,0,0,0,0,1,0,1,0,0,0,0,0,0,0,1,0,0,1,0,0,0,0,0,1,2,0,0,0,0,1,0,0,0,0,1,0,0,1,0,0,0,0,0,0,0
letters.0331.xml,0,0,0,0,0,0,0,0,0,1,0,1,0,0,0,0,0,0,0,86,0,0,9,0,0,0,0,0,1,50,0,0,0,0,1,6,0,0,0,1,0,0,0,0,0,0,0,0,0,0
letters.0404.xml,0,0,0,0,0,0,0,0,0,0,0,0,0,0,0,0,0,0,0,0,0,0,15,0,0,0,0,0,0,2,0,0,0,0,0,1,0,0,0,0,0,0,0,0,0,0,0,0,0,0
letters.0573.xml,0,0,0,0,0,0,0,0,0,0,0,0,3,0,0,1,0,1,0,87,0,0,0,0,0,0,0,0,0,30,0,0,0,0,0,1,0,0,0,0,0,0,0,0,0,0,0,0,0,0
letters.0436.xml,0,0,0,0,0,0,0,0,0,0,0,1,0,0,0,0,0,0,0,0,0,0,0,0,0,0,0,0,1,4,0,0,0,0,0,0,0,0,0,0,0,0,0,0,0,0,0,0,0,0
txt_GrayTh1716_wtdin.xml,0,0,0,0,592,0,0,0,0,0,0,0,1,1,0,0,0,0,1,0,0,84,0,6,1,0,0,0,0,0,0,135,0,0,0,0,0,0,0,0,0,0,0,0,0,0,0,0,0,677
letters.0557.xml,0,0,0,0,0,0,0,0,0,1,0,2,0,0,0,0,0,0,0,0,0,0,0,0,0,0,0,0,1,8,0,0,0,0,1,0,0,0,0,1,0,0,1,0,0,0,0,0,0,0
letters.0304.xml,0,0,0,0,0,0,0,0,0,1,0,1,0,0,0,0,0,0,0,1,0,0,0,0,0,0,0,0,1,1,0,0,0,0,0,0,0,0,0,2,0,0,1,0,0,0,0,0,0,0
letters.0004.xml,0,0,0,0,0,0,0,0,0,0,0,0,0,0,0,0,0,0,0,0,0,0,48,0,0,0,0,0,1,5,0,0,0,0,0,1,0,0,0,1,0,0,0,0,0,0,0,0,0,0
letters.0532.xml,0,0,0,0,0,0,0,0,0,1,0,1,0,0,0,0,0,0,0,1,0,0,0,0,0,0,0,0,1,5,0,0,0,0,1,0,0,0,0,2,0,0,1,0,0,0,0,0,0,0
letters.0075.xml,0,0,0,0,0,0,0,0,0,1,0,1,0,0,0,0,0,0,0,2,0,0,0,0,0,0,0,0,1,2,0,0,0,0,0,0,0,0,0,2,0,0,1,0,0,0,0,0,0,0
letters.0002.xml,0,0,0,0,0,0,0,0,0,0,0,0,0,0,0,0,0,0,0,0,0,0,0,0,0,0,0,0,1,1,0,0,0,0,0,0,0,0,0,1,0,0,0,0,0,0,0,0,0,0
letters.0363.xml,0,0,0,0,0,0,0,0,0,0,0,1,0,0,0,0,0,0,0,4,0,0,11,0,0,0,0,0,1,5,0,0,0,0,0,2,0,0,0,0,0,0,0,0,0,0,0,0,0,0
letters.0305.xml,0,0,0,0,0,0,0,0,0,1,0,1,0,0,0,0,0,0,0,22,0,0,0,0,0,0,0,0,1,4,0,0,0,0,1,0,0,0,0,2,0,0,0,0,0,0,0,0,0,0
letters.0551.xml,0,0,0,0,0,0,0,0,0,1,0,1,0,0,0,0,0,0,0,1,0,0,0,0,0,0,0,0,0,1,0,0,0,0,0,0,0,0,0,0,0,0,0,0,0,0,0,0,0,0
letters.0345.xml,0,0,0,0,0,0,0,0,0,1,0,1,0,0,0,0,0,0,0,2,0,0,0,0,0,0,0,0,0,7,0,0,0,0,1,0,0,0,0,0,0,0,0,0,0,0,0,0,0,0
letters.0133.xml,0,0,0,0,0,0,0,0,0,1,0,1,0,0,0,0,0,0,0,0,0,0,0,0,0,0,0,0,0,3,0,0,0,0,0,0,0,0,0,1,0,0,1,0,0,0,0,0,0,0
letters.0593.xml,0,0,0,0,0,0,0,0,0,0,0,1,0,0,0,0,0,0,0,0,0,0,0,0,0,0,0,0,1,3,0,0,0,0,0,0,0,0,0,0,0,0,0,0,0,0,0,0,0,0
letters.0123.xml,0,0,0,0,0,0,0,0,0,0,0,1,0,0,0,0,0,0,0,13,0,0,3,0,0,0,0,0,1,4,0,0,0,0,0,2,0,0,0,0,0,0,0,0,0,0,0,0,0,0
letters.0371.xml,0,0,0,0,0,0,0,0,0,1,0,1,0,0,0,0,0,0,0,1,0,0,1,0,0,0,0,0,1,7,0,0,0,0,1,0,0,0,0,2,0,0,1,0,0,0,0,0,0,0
letters.0505.xml,0,0,0,0,0,0,0,0,0,1,0,1,0,0,0,0,0,0,0,4,0,0,1,0,0,0,0,0,1,4,0,0,0,0,1,0,0,0,0,2,0,0,1,0,0,0,0,0,0,0
letters.0252.xml,0,0,0,0,0,0,0,0,0,1,0,1,0,0,0,0,0,0,0,2,0,0,2,0,0,0,0,0,1,3,0,0,0,0,0,0,0,0,0,2,0,0,1,0,0,0,0,0,0,0
letters.0420.xml,0,0,0,0,0,0,0,0,0,1,0,0,0,0,0,0,0,0,0,4,0,0,0,0,0,0,0,0,0,4,0,0,0,0,0,0,0,0,0,1,0,0,0,0,0,0,0,0,0,0
letters.0259.xml,0,0,0,0,0,0,0,0,0,1,0,1,0,0,0,0,0,0,0,3,0,0,0,0,0,0,0,0,1,3,0,0,0,0,0,0,0,0,0,2,0,0,1,0,0,0,0,0,0,0
txt_GrayTh1716_wlods.xml,0,0,0,0,31,0,0,0,0,0,0,0,1,0,0,0,0,0,1,0,0,4,0,1,1,0,0,0,0,0,0,6,0,0,0,0,0,0,0,0,0,0,0,0,0,0,0,0,0,36
letters.0378.xml,0,0,0,0,0,0,0,0,0,0,0,0,0,0,0,0,0,0,0,2,0,0,0,0,0,0,0,0,0,1,0,0,0,0,0,0,0,0,0,0,0,0,0,0,0,0,0,0,0,0
letters.0300.xml,0,0,0,0,0,0,0,0,0,1,0,1,0,0,0,0,0,0,0,0,0,0,0,0,0,0,0,0,1,5,0,0,0,0,0,0,0,0,0,2,0,0,0,0,0,0,0,0,0,0
txt_GrayTh1716_wdooo.xml,0,0,4,0,680,0,0,0,0,0,0,0,1,22,0,0,0,0,2,0,0,94,4,2,1,0,0,4,0,0,0,204,0,0,0,0,0,0,0,0,0,0,0,11,11,0,0,0,0,780
letters.0538.xml,0,0,0,0,0,0,0,0,0,1,0,1,0,0,0,0,0,0,0,1,0,0,2,0,0,0,0,0,1,1,0,0,0,0,0,0,0,0,0,2,0,0,1,0,0,0,0,0,0,0
letters.0203.xml,0,0,0,0,0,0,0,0,0,1,0,1,0,0,0,0,0,0,0,5,0,0,0,0,0,0,0,0,1,6,0,0,0,0,0,0,0,0,0,1,0,0,1,0,0,0,0,0,0,0
letters.0595.xml,0,0,0,0,0,0,0,0,0,1,0,1,0,0,0,0,0,0,0,8,0,0,1,0,0,0,0,0,1,5,0,0,0,0,0,0,0,0,0,1,0,0,1,0,0,0,0,0,0,0
letters.0416.xml,0,0,0,0,0,0,0,0,0,1,0,1,0,0,0,0,0,0,0,4,0,0,1,0,0,0,0,0,1,6,0,0,0,0,1,0,0,0,0,2,0,0,0,0,0,0,0,0,0,0
letters.0526.xml,0,0,0,0,0,0,0,0,0,1,0,1,0,0,0,0,0,0,0,7,0,0,1,0,0,0,0,0,1,9,0,0,0,0,0,0,0,0,0,1,0,0,1,0,0,0,0,0,0,0
letters.0382.xml,0,0,0,0,0,0,0,0,0,1,0,1,0,0,0,0,0,0,0,2,0,0,0,0,0,0,0,0,1,5,0,0,0,0,0,0,0,0,0,2,0,0,0,0,0,0,0,0,0,0
txt_GrayTh1716_wlt14.xml,0,0,0,0,0,0,0,0,0,0,0,0,1,0,0,0,0,0,1,0,0,6,0,1,1,0,0,0,0,0,0,0,0,0,0,0,0,0,0,0,0,0,0,0,0,0,0,0,0,0
letters.0640.xml,0,0,0,0,0,0,0,0,0,1,0,1,0,0,0,0,0,0,0,0,0,0,0,0,0,0,0,0,1,4,0,0,0,0,0,0,0,0,0,1,0,0,1,0,0,0,0,0,0,0
letters.0334.xml,0,0,0,0,0,0,0,0,0,1,0,1,0,0,0,0,0,0,0,0,0,0,1,0,0,0,0,0,1,2,0,0,0,0,1,0,0,0,0,1,0,0,1,0,0,0,0,0,0,0
letters.0085.xml,0,0,0,0,0,0,0,0,0,0,0,1,0,0,0,0,0,0,0,0,0,0,3,0,0,0,0,0,1,5,0,0,0,0,0,3,0,0,0,0,0,0,0,0,0,0,0,0,0,0
letters.0231.xml,0,0,0,0,0,0,0,0,0,1,0,1,0,0,0,0,0,0,0,0,0,0,1,0,0,0,0,0,1,1,0,0,0,0,0,0,0,0,0,1,0,0,1,0,0,0,0,0,0,0
letters.0054.xml,0,0,0,0,0,0,0,0,0,1,0,1,0,0,0,0,0,0,0,0,0,0,1,0,0,0,0,0,1,1,0,0,0,0,0,0,0,0,0,2,0,0,1,0,0,0,0,0,0,0
letters.0432.xml,0,0,0,0,0,0,0,0,0,1,0,1,0,0,0,0,0,0,0,6,0,0,0,0,0,0,0,0,1,6,0,0,0,0,1,1,0,0,0,2,0,0,0,0,0,0,0,0,0,0
letters.0567.xml,0,0,0,0,0,0,0,0,0,0,0,0,0,0,0,0,0,0,0,4,0,0,0,0,0,0,0,0,1,4,0,0,0,0,0,0,0,0,0,1,0,0,0,0,0,0,0,0,0,0
letters.0468.xml,0,0,0,0,0,0,0,0,0,1,0,1,0,0,0,0,0,0,0,3,0,0,1,0,0,0,0,0,1,3,0,0,0,0,0,0,0,0,0,2,0,0,0,0,0,0,0,0,0,0
letters.0164.xml,0,0,0,0,0,0,0,0,0,1,0,1,0,0,0,0,0,0,0,1,0,0,10,0,0,0,0,0,1,4,0,0,0,0,0,1,0,0,0,2,0,0,1,0,0,0,0,0,0,0
letters.0628.xml,0,0,0,0,0,0,0,0,0,1,0,1,0,0,0,0,0,0,0,0,0,0,3,0,0,0,0,0,1,3,0,0,0,0,1,0,0,0,0,1,0,0,1,0,0,0,0,0,0,0
letters.0545.xml,0,0,0,0,0,0,0,0,0,1,0,1,0,0,0,0,0,0,0,4,0,0,1,0,0,0,0,0,1,4,0,0,0,0,1,0,0,0,0,1,0,0,1,0,0,0,0,0,0,0
letters.0245.xml,0,0,0,0,0,0,0,0,0,1,0,1,0,0,0,0,0,0,0,5,0,0,1,0,0,0,0,0,1,5,0,0,0,0,1,0,0,0,0,2,0,0,1,0,0,0,0,0,0,0
letters.0392.xml,0,0,0,0,0,0,0,0,0,0,0,0,0,0,0,0,0,0,0,0,0,0,0,0,0,0,0,0,0,4,0,0,0,0,0,0,0,0,0,0,0,0,0,0,0,0,0,0,0,0
letters.0320.xml,0,0,0,0,0,0,0,0,0,1,0,1,0,0,0,0,0,0,0,0,0,0,1,0,0,0,0,0,1,5,0,0,0,0,0,0,0,0,0,2,0,0,1,0,0,0,0,0,0,0
letters.0293.xml,0,0,0,0,0,0,0,0,0,1,0,1,0,0,0,0,0,0,0,2,0,0,1,0,0,0,0,0,1,1,0,0,0,0,0,0,0,0,0,2,0,0,1,0,0,0,0,0,0,0
letters.0424.xml,0,0,0,0,0,0,0,0,0,2,0,2,0,0,0,0,0,0,0,0,0,0,14,0,0,0,0,0,1,5,0,0,0,0,1,1,0,0,0,2,0,0,2,0,0,0,0,0,0,0
txt_GrayTh1716_wlt19.xml,0,0,0,0,0,0,0,0,0,0,0,0,1,3,0,0,0,0,1,0,0,95,0,11,1,0,0,0,0,0,0,0,0,0,0,0,0,0,0,0,0,0,0,0,0,0,0,0,0,0
letters.0061.xml,0,0,0,0,0,0,0,0,0,1,0,1,0,0,0,0,0,0,0,0,0,0,0,0,0,0,0,0,0,2,0,0,0,0,0,0,0,0,0,0,0,0,0,0,0,0,0,0,0,0
letters.0610.xml,0,0,0,0,0,0,0,0,0,1,0,0,0,0,0,0,0,0,0,1,0,0,1,0,0,0,0,0,1,4,0,0,0,0,1,0,0,0,0,2,0,0,1,0,0,0,0,0,0,0
letters.0077.xml,0,0,0,0,0,0,0,0,0,0,0,1,0,0,0,0,0,0,0,0,0,0,0,0,0,0,0,0,1,1,0,0,0,0,0,0,0,0,0,0,0,0,0,0,0,0,0,0,0,0
letters.0152.xml,0,0,0,0,0,0,0,0,0,0,0,0,0,0,0,0,0,0,0,0,0,0,0,0,0,0,0,0,0,5,0,0,0,0,0,0,0,0,0,0,0,0,0,0,0,0,0,0,0,0
letters.0010.xml,0,0,0,0,0,0,0,0,0,1,0,1,0,0,0,0,0,0,0,0,0,0,0,0,0,0,0,0,1,2,0,0,0,0,1,0,0,0,0,2,0,0,1,0,0,0,0,0,0,0
letters.0212.xml,0,0,0,0,0,0,0,0,0,1,0,1,0,0,0,0,0,0,0,2,0,0,1,0,0,0,0,0,1,5,0,0,0,0,1,0,0,0,0,2,0,0,1,0,0,0,0,0,0,0
letters.0602.xml,0,0,0,0,0,0,0,0,0,1,0,1,0,0,0,0,0,0,0,4,0,0,0,0,0,0,0,0,1,4,0,0,0,0,1,0,0,0,0,2,0,0,1,0,0,0,0,0,0,0
letters.0159.xml,0,0,0,0,0,0,0,0,0,1,0,1,0,0,0,0,0,0,0,0,0,0,2,0,0,0,0,0,0,1,0,0,0,0,0,0,0,0,0,1,0,0,1,0,0,0,0,0,0,0
letters.0474.xml,0,0,0,0,0,0,0,0,0,1,0,1,0,0,0,0,0,0,0,10,0,0,1,0,0,0,0,0,1,13,0,0,0,0,0,0,0,0,0,1,0,0,1,0,0,0,0,0,0,0
letters.0476.xml,0,0,0,0,0,0,0,0,0,1,0,1,0,0,0,0,0,0,0,1,0,0,0,0,0,0,0,0,1,3,0,0,0,0,1,0,0,0,0,2,0,0,0,0,0,0,0,0,0,0
letters.0601.xml,0,0,0,0,0,0,0,0,0,0,0,1,0,0,0,0,0,0,0,1,0,0,0,0,0,0,0,0,1,1,0,0,0,0,0,0,0,0,0,0,0,0,0,0,0,0,0,0,0,0
txt_GrayTh1716_wlost.xml,0,0,3,0,876,0,0,0,0,0,0,0,1,9,0,0,0,0,2,0,0,144,1,36,1,0,0,7,0,0,0,237,0,0,0,0,0,7,0,0,0,0,0,0,0,0,0,0,0,1020
letters.0119.xml,0,0,0,0,0,0,0,0,0,1,0,1,0,0,0,0,0,0,0,29,0,0,7,0,0,0,0,0,1,5,0,0,0,0,0,1,0,0,0,1,0,0,0,0,0,0,0,0,0,0
letters.0338.xml,0,0,0,0,0,0,0,0,0,1,0,1,0,0,0,0,0,0,0,5,0,0,0,0,0,0,0,0,1,3,0,0,0,0,1,0,0,0,0,2,0,0,1,0,0,0,0,0,0,0
letters.0178.xml,0,0,0,0,0,0,0,0,0,1,0,0,0,0,0,0,0,0,0,8,0,0,1,0,0,0,0,0,1,4,0,0,0,0,1,1,0,0,0,2,0,0,1,0,0,0,0,0,0,0
letters.0038.xml,0,0,0,0,0,0,0,0,0,1,0,1,0,0,0,0,0,0,0,1,0,0,0,0,0,0,0,0,1,1,0,0,0,0,0,0,0,0,0,2,0,0,1,0,0,0,0,0,0,0
letters.0310.xml,0,0,0,0,0,0,0,0,0,0,0,1,0,0,0,0,0,0,0,0,0,0,0,0,0,0,0,0,1,3,0,0,0,0,0,0,0,0,0,0,0,0,0,0,0,0,0,0,0,0
letters.0499.xml,0,0,0,0,0,0,0,0,0,1,0,1,0,0,0,0,0,0,0,1,0,0,1,0,0,0,0,0,1,5,0,0,0,0,0,1,0,0,0,2,0,0,1,0,0,0,0,0,0,0
letters.0488.xml,0,0,0,0,0,0,0,0,0,1,0,1,0,0,0,0,0,0,0,2,0,0,1,0,0,0,0,0,1,4,0,0,0,0,0,0,0,0,0,2,0,0,1,0,0,0,0,0,0,0
letters.0287.xml,0,0,0,0,0,0,0,0,0,1,0,1,0,0,0,0,0,0,0,1,0,0,1,0,0,0,0,0,1,2,0,0,0,0,0,0,0,0,0,1,0,0,1,0,0,0,0,0,0,0
letters.0292.xml,0,0,0,0,0,0,0,0,0,0,0,0,0,0,0,0,0,0,0,0,0,0,0,0,0,0,0,0,0,6,0,0,0,0,0,0,0,0,0,0,0,0,0,0,0,0,0,0,0,0
letters.0439.xml,0,0,0,0,0,0,0,0,0,0,0,1,0,0,0,0,0,0,0,1,0,0,0,0,0,0,0,0,1,3,0,0,0,0,0,0,0,0,0,0,0,0,0,0,0,0,0,0,0,0
letters.0446.xml,0,0,0,0,0,0,0,0,0,1,0,1,0,0,0,0,0,0,0,3,0,0,0,0,0,0,0,0,1,6,0,0,0,0,1,0,0,0,0,2,0,0,0,0,0,0,0,0,0,0
letters.0130.xml,0,0,0,0,0,0,0,0,0,1,0,1,2,0,0,0,0,0,0,4,0,0,0,0,0,0,0,0,1,7,0,0,0,0,1,0,0,0,0,2,0,0,1,0,0,0,0,0,0,0
letters.0074.xml,0,0,0,0,0,0,0,0,0,0,0,1,0,0,0,0,0,0,0,0,0,0,0,0,0,0,0,0,1,1,0,0,0,0,0,0,0,0,0,0,0,0,0,0,0,0,0,0,0,0
letters.0603.xml,0,0,0,0,0,0,0,0,0,1,0,1,0,0,0,0,0,0,0,0,0,0,0,0,0,0,0,0,1,3,0,0,0,0,1,0,0,0,0,2,0,0,1,0,0,0,0,0,0,0
letters.0599.xml,0,0,0,0,0,0,0,0,0,1,0,1,0,0,0,0,0,0,0,12,0,0,0,0,0,0,0,0,1,4,0,0,0,0,0,0,0,0,0,2,0,0,1,0,0,0,0,0,0,0
letters.0107.xml,0,0,0,0,0,0,0,0,0,0,0,1,0,0,0,0,0,0,0,1,0,0,56,0,0,0,0,0,1,9,0,0,0,0,0,1,0,0,0,0,0,0,0,0,0,0,0,0,0,0
txt_GrayTh1716_wlt21.xml,0,0,0,0,0,0,0,0,0,0,0,0,1,4,0,0,0,0,12,0,0,76,0,16,1,0,0,0,0,0,0,0,0,0,0,0,0,0,0,0,0,0,0,0,0,0,0,0,0,0
letters.0148.xml,0,0,0,0,0,0,0,0,0,1,0,1,0,0,0,0,0,0,0,3,0,0,0,0,0,0,0,0,1,3,0,0,0,0,0,0,0,0,0,1,0,0,1,0,0,0,0,0,0,0
letters.0100.xml,0,0,0,0,0,0,0,0,0,0,0,1,0,0,0,0,0,0,0,0,0,0,0,0,0,0,0,0,1,1,0,0,0,0,0,0,0,0,0,0,0,0,0,0,0,0,0,0,0,0
letters.0317.xml,0,0,0,0,0,0,0,0,0,1,0,1,0,0,0,0,0,0,0,0,0,0,1,0,0,0,0,0,1,2,0,0,0,0,0,0,0,0,0,2,0,0,1,0,0,0,0,0,0,0
letters.0263.xml,0,0,0,0,0,0,0,0,0,1,0,1,0,0,0,0,0,0,0,1,0,0,2,0,0,0,0,0,1,3,0,0,0,0,0,0,0,0,0,2,0,0,1,0,0,0,0,0,0,0
txt_GrayTh1716_wstbe.xml,0,0,0,0,168,0,0,0,0,0,0,0,1,0,0,0,0,0,1,0,0,28,0,1,1,0,0,0,0,0,0,37,0,0,0,0,0,0,0,0,0,0,0,0,0,0,0,0,0,194
letters.0015.xml,0,0,0,0,0,0,0,0,0,1,0,1,0,0,0,0,0,0,0,0,0,0,0,0,0,0,0,0,1,1,0,0,0,0,0,0,0,0,0,2,0,0,1,0,0,0,0,0,0,0
txt_GrayTh1716_wimpr.xml,0,0,0,0,117,0,0,0,0,0,0,0,1,0,0,0,0,0,6,0,0,12,0,5,1,0,0,0,0,0,0,16,0,0,0,0,0,0,0,0,0,0,0,0,0,0,0,0,0,133
letters.0103.xml,0,0,0,0,0,0,0,0,0,0,0,1,0,0,0,0,0,0,0,0,0,0,0,0,0,0,0,0,1,2,0,0,0,0,0,0,0,0,0,0,0,0,0,0,0,0,0,0,0,0
letters.0116.xml,0,0,0,0,0,0,0,0,0,1,0,1,0,0,0,0,0,0,0,0,0,0,0,0,0,0,0,0,0,2,0,0,0,0,1,0,0,0,0,0,0,0,0,0,0,0,0,0,0,0
letters.0352.xml,0,0,0,0,0,0,0,0,0,1,0,1,0,0,0,0,0,0,0,3,0,0,1,0,0,0,0,0,1,5,0,0,0,0,1,0,0,0,0,2,0,0,1,0,0,0,0,0,0,0
letters.0631.xml,0,0,0,0,0,0,0,0,0,1,0,1,0,0,0,0,0,0,0,3,0,0,1,0,0,0,0,0,1,4,0,0,0,0,1,1,0,0,0,2,0,0,1,0,0,0,0,0,0,0
letters.0478.xml,0,0,0,0,0,0,0,0,0,1,0,1,0,0,0,0,0,0,0,6,0,0,1,0,0,0,0,0,1,9,0,0,0,0,1,0,0,0,0,2,0,0,1,0,0,0,0,0,0,0
letters.0484.xml,0,0,0,0,0,0,0,0,0,1,0,1,0,0,0,0,0,0,0,1,0,0,1,0,0,0,0,0,1,3,0,0,0,0,1,0,0,0,0,2,0,0,1,0,0,0,0,0,0,0
letters.0013.xml,0,0,0,0,0,0,0,0,0,0,0,0,0,0,0,0,0,0,0,0,0,0,0,0,0,0,0,0,1,1,0,0,0,0,0,0,0,0,0,1,0,0,0,0,0,0,0,0,0,0
txt_GrayTh1716_wepld.xml,0,0,0,0,46,0,0,0,0,0,0,0,1,0,0,0,0,0,1,0,0,6,0,1,1,0,0,0,0,0,0,11,0,0,0,0,0,0,0,0,0,0,0,0,0,0,0,0,0,53
letters.0153.xml,0,0,0,0,0,0,0,0,0,1,0,1,0,0,0,0,0,0,0,0,0,0,47,0,0,0,0,0,1,6,0,0,0,0,1,1,0,0,0,2,0,0,1,0,0,0,0,0,0,0
letters.0009.xml,0,0,0,0,0,0,0,0,0,1,0,0,0,0,0,0,0,0,0,0,0,0,2,0,0,0,0,0,2,2,0,0,0,0,1,0,0,0,0,2,0,0,1,0,0,0,0,0,0,0
letters.0451.xml,0,0,0,0,0,0,0,0,0,1,0,1,0,0,0,0,0,0,0,6,0,0,0,0,0,0,0,0,1,5,0,0,0,0,0,0,0,0,0,2,0,0,0,0,0,0,0,0,0,0
letters.0366.xml,0,0,0,0,0,0,0,0,0,0,0,1,0,0,0,0,0,0,0,1,0,0,0,0,0,0,0,0,1,3,0,0,0,0,0,0,0,0,0,0,0,0,0,0,0,0,0,0,0,0
letters.0318.xml,0,0,0,0,0,0,0,0,0,1,0,1,0,0,0,0,0,0,0,2,0,0,0,0,0,0,0,0,1,4,0,0,0,0,1,0,0,0,0,1,0,0,1,0,0,0,0,0,0,0
letters.0196.xml,0,0,0,0,0,0,0,0,0,1,0,1,0,0,0,0,0,0,0,0,0,0,1,0,0,0,0,0,1,4,0,0,0,0,1,0,0,0,0,1,0,0,1,0,0,0,0,0,0,0
letters.0087.xml,0,0,0,0,0,0,0,0,0,0,0,1,0,0,0,0,0,0,0,0,0,0,0,0,0,0,0,0,1,1,0,0,0,0,0,0,0,0,0,0,0,0,0,0,0,0,0,0,0,0
txt_GrayTh1716_wlt24.xml,0,0,0,0,0,0,0,0,0,0,0,0,1,0,0,0,0,0,1,0,0,32,0,1,1,0,0,0,0,0,0,0,0,0,0,0,0,0,0,0,0,0,0,0,0,0,0,0,0,0
txt_GrayTh1716_wtapr.xml,0,0,0,0,54,0,0,0,0,0,0,0,1,0,0,0,0,0,2,0,0,8,0,1,1,0,0,0,0,0,0,10,0,0,0,0,0,0,0,0,0,0,0,0,0,0,0,0,0,64
letters.0325.xml,0,0,0,0,0,0,0,0,0,1,0,1,0,0,0,0,0,0,0,3,0,0,1,0,0,0,0,0,1,3,0,0,0,0,0,0,0,0,0,2,0,0,1,0,0,0,0,0,0,0
letters.0393.xml,0,0,0,0,0,0,0,0,0,1,0,1,0,0,0,0,0,0,0,0,0,0,1,0,0,0,0,0,1,3,0,0,0,0,0,0,0,0,0,2,0,0,1,0,0,0,0,0,0,0
letters.0324.xml,0,0,0,0,0,0,0,0,0,1,0,1,0,0,0,0,0,0,0,0,0,0,0,0,0,0,0,0,1,3,0,0,0,0,1,0,0,0,0,2,0,0,1,0,0,0,0,0,0,0
letters.0092.xml,0,0,0,0,0,0,0,0,0,0,0,1,0,0,0,0,0,0,0,0,0,0,0,0,0,0,0,0,1,1,0,0,0,0,0,0,0,0,0,0,0,0,0,0,0,0,0,0,0,0
txt_GrayTh1716_wlt04.xml,0,0,0,0,0,0,0,0,0,0,0,0,1,0,0,0,0,0,1,0,0,20,0,5,1,0,0,0,0,1,0,0,0,0,0,0,0,0,0,0,0,0,0,0,0,0,0,0,0,0
letters.0520.xml,0,0,0,0,0,0,0,0,0,1,0,1,0,0,0,0,0,0,0,0,0,0,1,0,0,0,0,0,1,3,0,0,0,0,1,0,0,0,0,2,0,0,1,0,0,0,0,0,0,0
letters.0282.xml,0,0,0,0,0,0,0,0,0,1,0,1,0,0,0,0,0,0,0,4,0,0,2,0,0,0,0,0,1,4,0,0,0,0,1,0,0,0,0,2,0,0,1,0,0,0,0,0,0,0
letters.0425.xml,0,0,0,0,0,0,0,0,0,0,0,0,0,0,0,0,0,0,0,8,0,0,0,0,0,0,0,0,1,6,0,0,0,0,0,1,0,0,0,1,0,0,0,0,0,0,0,0,0,0
letters.0433.xml,0,0,0,0,0,0,0,0,0,1,0,1,0,0,0,0,0,0,0,2,0,0,1,0,0,0,0,0,1,2,0,0,0,0,1,0,0,0,0,2,0,0,1,0,0,0,0,0,0,0
letters.0281.xml,0,0,0,0,0,0,0,0,0,1,0,1,0,0,0,0,0,0,0,1,0,0,1,0,0,0,0,0,1,4,0,0,0,0,1,0,0,0,0,2,0,0,1,0,0,0,0,0,0,0
letters.0558.xml,0,0,0,0,0,0,0,0,0,1,0,1,0,0,0,0,0,0,0,3,0,0,1,0,0,0,0,0,2,8,0,0,0,0,2,0,0,0,0,2,0,0,1,0,0,0,0,0,0,0
letters.0503.xml,0,0,0,0,0,0,0,0,0,1,0,1,0,0,0,0,0,0,0,15,0,0,15,0,0,0,0,0,1,7,0,0,0,0,1,1,0,0,0,2,0,0,1,0,0,0,0,0,0,0
letters.0530.xml,0,0,0,0,0,0,0,0,0,1,0,1,0,0,0,0,0,0,0,2,0,0,1,0,0,0,0,0,1,5,0,0,0,0,1,0,0,0,0,1,0,0,1,0,0,0,0,0,0,0
letters.0158.xml,0,0,0,0,0,0,0,0,0,1,0,1,0,0,0,0,0,0,0,0,0,0,1,0,0,0,0,0,0,2,0,0,0,0,0,0,0,0,0,1,0,0,1,0,0,0,0,0,0,0
treaty_07.xml,0,0,0,0,0,0,0,0,0,0,0,0,2,0,0,0,2,0,2,3,0,0,150,0,0,0,0,0,0,96,0,0,80,0,0,0,0,0,0,0,0,0,0,0,0,0,0,0,0,0
txt_GrayTh1716_wlt07.xml,0,0,0,0,0,0,0,0,0,0,0,0,1,0,0,0,0,0,1,0,0,6,0,1,1,0,0,0,0,0,0,0,0,0,0,0,0,0,0,0,0,0,0,0,0,0,0,0,0,0
letters.0333.xml,0,0,0,0,0,0,0,0,0,0,0,1,0,0,0,0,0,0,0,4,0,0,0,0,0,0,0,0,1,5,0,0,0,0,0,1,0,0,0,1,0,0,0,0,0,0,0,0,0,0
txt_GrayTh1716_wepmc.xml,0,0,0,0,82,0,0,0,0,0,0,0,1,0,0,0,0,0,1,0,0,16,0,1,1,0,0,0,0,0,0,29,0,0,0,0,0,0,0,0,0,0,0,0,0,0,0,0,0,99
letters.0039.xml,0,0,0,0,0,0,0,0,0,1,0,0,0,0,0,0,0,0,0,0,0,0,0,0,0,0,0,0,1,2,0,0,0,0,1,0,0,0,0,2,0,0,1,0,0,0,0,0,0,0
letters.0030.xml,0,0,0,0,0,0,0,0,0,1,0,0,0,0,0,0,0,0,0,0,0,0,0,0,0,0,0,0,1,2,0,0,0,0,1,0,0,0,0,2,0,0,1,0,0,0,0,0,0,0
letters.0564.xml,0,0,0,0,0,0,0,0,0,1,0,1,2,0,0,0,0,0,0,14,0,0,1,0,0,0,0,0,1,7,0,0,0,0,0,0,0,0,0,2,0,0,0,0,0,0,0,0,0,0
letters.0415.xml,0,0,0,0,0,0,0,0,0,0,0,0,0,0,0,0,0,0,0,53,0,0,34,0,0,0,0,0,0,15,0,0,0,0,0,0,0,0,0,0,0,0,0,0,0,0,0,0,0,0
letters.0413.xml,0,0,0,0,0,0,0,0,0,1,0,1,0,0,0,0,0,0,0,0,0,0,1,0,0,0,0,0,1,1,0,0,0,0,0,0,0,0,0,2,0,0,1,0,0,0,0,0,0,0
letters.0253.xml,0,0,0,0,0,0,0,0,0,1,0,1,0,0,0,0,0,0,0,20,0,0,34,0,0,0,0,0,1,13,0,0,0,0,1,5,0,0,0,2,0,0,1,0,0,0,0,0,0,0
letters.0278.xml,0,0,0,0,0,0,0,0,0,1,0,1,0,0,0,0,0,0,0,1,0,0,1,0,0,0,0,0,1,2,0,0,0,0,0,0,0,0,0,2,0,0,1,0,0,0,0,0,0,0
letters.0634.xml,0,0,0,0,0,0,0,0,0,1,0,1,0,0,0,0,0,0,0,0,0,0,0,0,0,0,0,0,1,3,0,0,0,0,0,0,0,0,0,1,0,0,1,0,0,0,0,0,0,0
letters.0441.xml,0,0,0,0,0,0,0,0,0,1,0,1,0,0,0,0,0,0,0,0,0,0,1,0,0,0,0,0,1,2,0,0,0,0,0,0,0,0,0,1,0,0,1,0,0,0,0,0,0,0
txt_GrayTh1716_wlt03.xml,0,0,0,0,0,0,0,0,0,0,0,0,1,0,0,0,0,0,1,0,0,4,0,1,1,0,0,0,0,0,0,0,0,0,0,0,0,0,0,0,0,0,0,0,0,0,0,0,0,0
letters.0179.xml,0,0,0,0,0,0,0,0,0,1,0,1,0,0,0,0,0,0,0,5,0,0,1,0,0,0,0,0,1,2,0,0,0,0,0,0,0,0,0,2,0,0,1,0,0,0,0,0,0,0
letters.0388.xml,0,0,0,0,0,0,0,0,0,1,0,1,0,0,0,0,0,0,0,2,0,0,1,0,0,0,0,0,1,3,0,0,0,0,0,0,0,0,0,2,0,0,1,0,0,0,0,0,0,0
letters.0469.xml,0,0,0,0,0,0,0,0,0,1,0,0,0,0,0,0,0,0,0,2,0,0,1,0,0,0,0,0,1,3,0,0,0,0,0,0,0,0,0,2,0,0,1,0,0,0,0,0,0,0
letters.0524.xml,0,0,0,0,0,0,0,0,0,1,0,1,0,0,0,0,0,0,0,6,0,0,1,0,0,0,0,0,1,10,0,0,0,0,0,0,0,0,0,1,0,0,1,0,0,0,0,0,0,0
letters.0389.xml,0,0,0,0,0,0,0,0,0,1,0,1,0,0,0,0,0,0,0,0,0,0,1,0,0,0,0,0,1,3,0,0,0,0,0,0,0,0,0,2,0,0,1,0,0,0,0,0,0,0
letters.0373.xml,0,0,0,0,0,0,0,0,0,1,0,1,0,0,0,0,0,0,0,0,0,0,1,0,0,0,0,0,1,3,0,0,0,0,1,0,0,0,0,1,0,0,1,0,0,0,0,0,0,0
letters.0625.xml,0,0,0,0,0,0,0,0,0,1,0,1,0,0,0,0,0,0,0,0,0,0,0,0,0,0,0,0,1,1,0,0,0,0,0,0,0,0,0,0,0,0,1,0,0,0,0,0,0,0
letters.0464.xml,0,0,0,0,0,0,0,0,0,1,0,1,0,0,0,0,0,0,0,2,0,0,0,0,0,0,0,0,1,3,0,0,0,0,1,0,0,0,0,1,0,0,0,0,0,0,0,0,0,0
letters.0022.xml,0,0,0,0,0,0,0,0,0,0,0,1,0,0,0,0,0,0,0,0,0,0,0,0,0,0,0,0,1,1,0,0,0,0,0,0,0,0,0,1,0,0,0,0,0,0,0,0,0,0
letters.0387.xml,0,0,0,0,0,0,0,0,0,1,0,1,0,0,0,0,0,0,0,4,0,0,2,0,0,0,0,0,1,5,0,0,0,0,1,0,0,0,0,2,0,0,1,0,0,0,0,0,0,0
letters.0489.xml,0,0,0,0,0,0,0,0,0,1,0,1,0,0,0,0,0,0,0,1,0,0,1,0,0,0,0,0,1,3,0,0,0,0,0,0,0,0,0,2,0,0,1,0,0,0,0,0,0,0
letters.0643.xml,0,0,0,0,0,0,0,0,0,1,0,0,0,0,0,0,0,0,0,6,0,0,3,0,0,0,0,0,1,2,0,0,0,0,0,0,0,0,0,2,0,0,0,0,0,0,0,0,0,0
letters.0188.xml,0,0,0,0,0,0,0,0,0,1,0,0,0,0,0,0,0,0,0,0,0,0,0,0,0,0,0,0,1,2,0,0,0,0,0,0,0,0,0,2,0,0,1,0,0,0,0,0,0,0
letters.0143.xml,0,0,0,0,0,0,0,0,0,1,0,1,0,0,0,0,0,0,0,0,0,0,48,0,0,0,0,2,1,8,0,0,0,0,0,1,0,0,0,2,0,0,1,0,0,0,0,1,0,0
letters.0637.xml,0,0,0,0,0,0,0,0,0,1,0,1,0,0,0,0,0,0,0,0,0,0,0,0,0,0,0,0,1,1,0,0,0,0,0,0,0,0,0,2,0,0,1,0,0,0,0,0,0,0
letters.0211.xml,0,0,0,0,0,0,0,0,0,2,0,1,0,0,0,0,0,0,0,0,0,0,1,0,0,0,0,0,1,2,0,0,0,0,1,0,0,0,0,2,0,0,1,0,0,0,0,0,0,0
letters.0254.xml,0,0,0,0,0,0,0,0,0,1,0,1,0,0,0,0,0,0,0,1,0,0,0,0,0,0,0,0,1,1,0,0,0,0,0,0,0,0,0,1,0,0,1,0,0,0,0,0,0,0
letters.0219.xml,0,0,0,0,0,0,0,0,0,1,0,1,0,0,0,0,0,0,0,0,0,0,1,0,0,0,0,0,1,1,0,0,0,0,0,0,0,0,0,2,0,0,1,0,0,0,0,0,0,0
txt_GrayTh1716_wdeho.xml,0,0,0,0,131,0,0,0,0,0,0,0,1,0,0,0,0,0,2,0,0,24,0,3,1,0,0,0,0,0,0,28,0,0,0,0,0,0,0,0,0,0,0,0,0,0,0,0,0,157
letters.0239.xml,0,0,0,0,0,0,0,0,0,1,0,0,0,0,0,0,0,0,0,4,0,0,1,0,0,0,0,0,1,2,0,0,0,0,0,0,0,0,0,2,0,0,1,0,0,0,0,0,0,0
letters.0543.xml,0,0,0,0,0,0,0,0,0,1,0,1,0,0,0,0,0,0,0,3,0,0,2,0,0,0,0,0,1,4,0,0,0,0,0,0,0,0,0,2,0,0,1,0,0,0,0,0,0,0
letters.0140.xml,0,0,0,0,0,0,0,0,0,1,0,1,0,0,0,0,0,0,0,0,0,0,1,0,0,0,0,0,0,4,0,0,0,0,1,0,0,0,0,1,0,0,1,0,0,0,0,0,0,0
letters.0272.xml,0,0,0,0,0,0,0,0,0,1,0,1,0,0,0,0,0,0,0,22,0,0,14,0,0,0,0,0,1,7,0,0,0,0,0,3,0,0,0,1,0,0,0,0,0,0,0,0,0,0
txt_GrayTh1716_wagtr.xml,0,1,0,0,1900,8,1,0,0,0,0,0,4,13,0,0,0,0,6,0,0,194,0,12,1,0,0,0,0,2,0,398,0,0,0,0,0,0,0,0,0,0,0,6,6,6,0,0,0,2113
letters.0313.xml,0,0,0,0,0,0,0,0,0,1,0,1,0,0,0,0,0,0,0,0,0,0,1,0,0,0,0,0,1,5,0,0,0,0,0,0,0,0,0,2,0,0,1,0,0,0,0,0,0,0
letters.0165.xml,0,0,0,0,0,0,0,0,0,1,0,1,0,0,0,0,0,0,0,1,0,0,58,0,0,0,0,0,1,11,0,0,0,0,1,3,0,0,0,2,0,0,1,0,0,0,0,0,0,0
letters.0051.xml,0,0,0,0,0,0,0,0,0,1,0,1,0,0,0,0,0,0,0,10,0,0,2,0,0,0,0,0,1,5,0,0,0,0,0,2,0,0,0,2,0,0,0,0,0,0,0,0,0,0
letters.0467.xml,0,0,0,0,0,0,0,0,0,1,0,1,0,0,0,0,0,0,0,3,0,0,1,0,0,0,0,0,1,4,0,0,0,0,1,0,0,0,0,2,0,0,1,0,0,0,0,0,0,0
txt_GrayTh1716_wlt10.xml,0,0,0,0,0,0,0,0,0,0,0,0,1,0,0,0,0,0,1,0,0,61,0,6,1,0,0,0,0,0,0,0,0,0,0,0,0,0,0,0,0,0,0,0,0,0,0,0,0,0
letters.0138.xml,0,0,0,0,0,0,0,0,0,1,0,1,0,0,0,0,0,0,0,1,0,0,0,0,0,0,0,0,1,6,0,0,0,0,0,0,0,0,0,2,0,0,1,0,0,0,0,0,0,0
letters.0401.xml,0,0,0,0,0,0,0,0,0,0,0,1,0,0,0,0,0,0,0,1,0,0,0,0,0,0,0,0,1,2,0,0,0,0,0,0,0,0,0,1,0,0,0,0,0,0,0,0,0,0
letters.0268.xml,0,0,0,0,0,0,0,0,0,1,0,1,0,0,0,0,0,0,0,0,0,0,1,0,0,0,0,0,1,2,0,0,0,0,0,0,0,0,0,2,0,0,1,0,0,0,0,0,0,0
letters.0594.xml,0,0,0,0,0,0,0,0,0,1,0,1,0,0,0,0,0,0,0,0,0,0,0,0,0,0,0,0,0,3,0,0,0,0,0,0,0,0,0,0,0,0,0,0,0,0,0,0,0,0
letters.0614.xml,0,0,0,0,0,0,0,0,0,1,0,1,0,0,0,0,0,0,0,0,0,0,1,0,0,0,0,0,1,3,0,0,0,0,0,0,0,0,0,2,0,0,1,0,0,0,0,0,0,0
letters.0402.xml,0,0,0,0,0,0,0,0,0,1,0,1,0,0,0,0,0,0,0,1,0,0,0,0,0,0,0,0,1,1,0,0,0,0,0,0,0,0,0,1,0,0,1,0,0,0,0,0,0,0
letters.0465.xml,0,0,0,0,0,0,0,0,0,1,0,1,0,0,0,0,0,0,0,0,0,0,1,0,0,0,0,0,1,2,0,0,0,0,0,0,0,0,0,2,0,0,1,0,0,0,0,0,0,0
letters.0452.xml,0,0,0,0,0,0,0,0,0,0,0,0,0,0,0,0,0,0,0,9,0,0,0,0,0,0,0,0,1,18,0,0,0,0,0,0,0,0,0,1,0,0,0,0,0,0,0,0,0,0
letters.0145.xml,0,0,0,0,0,0,0,0,0,2,0,1,0,0,0,0,0,0,0,0,0,0,2,0,0,0,0,0,1,5,0,0,0,0,1,1,0,0,0,2,0,0,1,0,0,0,0,0,0,0
letters.0642.xml,0,0,0,0,0,0,0,0,0,1,0,1,0,0,0,0,0,0,0,1,0,0,1,0,0,0,0,0,1,3,0,0,0,0,1,0,0,0,0,2,0,0,1,0,0,0,0,0,0,0
letters.0348.xml,0,0,0,0,0,0,0,0,0,1,0,0,0,0,0,0,0,0,0,13,0,0,1,0,0,0,0,0,1,5,0,0,0,0,1,0,0,0,0,2,0,0,1,0,0,0,0,0,0,0
letters.0284.xml,0,0,0,0,0,0,0,0,0,1,0,1,0,0,0,0,0,0,0,12,0,0,1,0,0,0,0,0,1,5,0,0,0,0,1,0,0,0,0,2,0,0,1,0,0,0,0,0,0,0
letters.0332.xml,0,0,0,0,0,0,0,0,0,1,0,1,0,0,0,0,0,0,0,1,0,0,8,0,0,0,0,0,1,5,0,0,0,0,1,0,0,0,0,2,0,0,1,0,0,0,0,0,0,0
letters.0197.xml,0,0,0,0,0,0,0,0,0,1,0,0,0,0,0,0,0,0,0,1,0,0,1,0,0,0,0,0,0,2,0,0,0,0,0,0,0,0,0,1,0,0,1,0,0,0,0,0,0,0
letters.0312.xml,0,0,0,0,0,0,0,0,0,1,0,1,0,0,0,0,0,0,0,1,0,0,1,0,0,0,0,0,1,2,0,0,0,0,0,0,0,0,0,2,0,0,1,0,0,0,0,0,0,0
txt_GrayTh1716_wlt02.xml,0,0,0,0,0,0,0,0,0,0,0,0,1,0,0,0,0,0,1,0,0,36,0,9,1,0,0,0,0,0,0,0,0,0,0,0,0,0,0,0,0,0,0,0,0,0,0,0,0,0
letters.0274.xml,0,0,0,0,0,0,0,0,0,1,0,1,0,0,0,0,0,0,0,23,0,0,0,0,0,0,0,0,1,3,1,0,0,0,0,0,0,0,0,2,0,0,1,0,0,0,0,0,0,0
letters.0480.xml,0,0,0,0,0,0,0,0,0,1,0,1,0,0,0,0,0,0,0,0,0,0,1,0,0,0,0,0,1,4,0,0,0,0,1,0,0,0,0,2,0,0,1,0,0,0,0,0,0,0
letters.0199.xml,0,0,0,0,0,0,0,0,0,1,0,1,0,0,0,0,0,0,0,1,0,0,3,0,0,0,0,0,1,3,0,0,0,0,0,1,0,0,0,2,0,0,1,0,0,0,0,0,0,0
letters.0206.xml,0,0,0,0,0,0,0,0,0,1,0,1,0,0,0,0,0,0,0,1,0,0,2,0,0,0,0,0,1,1,0,0,0,0,0,0,0,0,0,2,0,0,1,0,0,0,0,0,0,0
letters.0328.xml,0,0,0,0,0,0,0,0,0,1,0,0,0,0,0,0,0,0,0,1,0,0,18,0,0,0,0,0,1,11,0,0,0,0,1,1,0,0,0,2,0,0,1,0,0,0,0,0,0,0
letters.0117.xml,0,0,0,0,0,0,0,0,0,0,0,0,0,0,0,0,0,0,0,1,0,0,0,0,0,0,0,0,0,3,0,0,0,0,0,0,0,0,0,0,0,0,0,0,0,0,0,0,0,0
letters.0486.xml,0,0,0,0,0,0,0,0,0,1,0,1,0,0,0,0,0,0,0,1,0,0,1,0,0,0,0,0,1,4,0,0,0,0,1,0,0,0,0,2,0,0,1,0,0,0,0,0,0,0
letters.0353.xml,0,0,0,0,0,0,0,52,0,1,0,0,0,0,0,0,0,0,0,0,0,0,1,0,0,0,0,0,1,6,0,0,0,0,0,0,0,0,26,2,0,0,0,0,0,0,1,0,0,0
letters.0337.xml,0,0,0,0,0,0,0,0,0,1,0,1,0,0,0,0,0,0,0,0,0,0,1,0,0,0,0,0,1,4,0,0,0,0,0,0,0,0,0,2,0,0,1,0,0,0,0,0,0,0
letters.0066.xml,0,0,0,0,0,0,0,0,0,0,0,1,0,0,0,0,0,0,0,0,0,0,0,0,0,0,0,0,1,1,0,0,0,0,0,0,0,0,0,0,0,0,0,0,0,0,0,0,0,0
letters.0151.xml,0,0,0,0,0,0,0,0,0,0,0,1,0,0,0,0,0,0,0,0,0,0,0,0,0,0,0,0,1,3,0,0,0,0,0,1,0,0,0,0,0,0,0,0,0,0,0,0,0,0
letters.0611.xml,0,0,0,0,0,0,0,0,0,1,0,1,0,0,0,0,0,0,0,2,0,0,1,0,0,0,0,0,0,1,0,0,0,0,0,0,0,0,0,1,0,0,1,0,0,0,0,0,0,0
txt_GrayTh1716_wtrow.xml,0,0,0,0,211,0,0,0,0,0,0,0,3,3,0,0,0,0,3,0,0,36,0,3,1,0,0,3,0,1,0,55,0,0,0,0,0,0,0,0,0,0,0,0,0,0,0,0,0,254
letters.0018.xml,0,0,3,0,0,0,0,0,0,1,0,1,0,0,0,0,0,0,0,25,0,0,20,0,0,0,0,22,1,15,0,0,0,0,0,8,5,0,0,2,0,0,1,0,0,0,0,2,0,0
txt_GrayTh1716_wlt25.xml,0,0,0,0,0,0,0,0,0,0,0,0,1,1,0,0,0,0,27,0,0,80,8,13,1,0,0,0,0,0,0,0,0,0,0,0,0,0,0,0,0,0,0,0,0,0,0,0,0,0
letters.0605.xml,0,0,0,0,0,0,0,0,0,1,0,0,0,0,0,0,0,0,0,5,0,0,0,0,0,0,0,0,1,2,0,0,0,0,1,0,0,0,0,2,0,0,0,0,0,0,0,0,0,0
letters.0364.xml,0,0,0,0,0,0,0,0,0,1,0,1,0,0,0,0,0,0,0,0,0,0,0,0,0,0,0,0,1,5,0,0,0,0,1,0,0,0,0,2,0,0,1,0,0,0,0,0,0,0
letters.0308.xml,0,0,0,0,0,0,0,0,0,1,0,1,0,0,0,0,0,0,0,5,0,0,1,0,0,0,0,0,1,3,0,0,0,0,0,0,0,0,0,2,0,0,1,0,0,0,0,0,0,0
letters.0052.xml,0,0,0,0,0,0,0,0,0,1,0,1,0,0,0,0,0,0,0,0,0,0,0,0,0,0,0,0,0,1,0,0,0,0,0,0,0,0,0,0,0,0,0,0,0,0,0,0,0,0
letters.0619.xml,0,0,0,0,0,0,0,0,0,1,0,1,0,0,0,0,0,0,0,6,0,0,2,0,0,0,0,0,1,3,0,0,0,0,1,0,0,0,0,2,0,0,1,0,0,0,0,0,0,0
letters.0466.xml,0,0,0,0,0,0,0,0,0,1,0,0,0,0,0,0,0,0,0,20,0,0,1,0,0,0,0,0,1,2,0,0,0,0,0,0,0,0,0,2,0,0,1,0,0,0,0,0,0,0
letters.0457.xml,0,0,0,0,0,0,0,0,0,2,0,1,0,0,0,0,0,0,0,1,0,0,0,0,0,0,0,0,1,2,0,0,0,0,1,0,0,0,0,2,0,0,0,0,0,0,0,0,0,0
letters.0633.xml,0,0,0,0,0,0,0,0,0,1,0,1,0,0,0,0,0,0,0,5,0,0,2,0,0,0,0,0,1,3,0,0,0,0,0,0,0,0,0,2,0,0,1,0,0,0,0,0,0,0
letters.0150.xml,0,0,0,0,0,0,0,0,0,1,0,0,0,0,0,0,0,0,0,3,0,0,1,0,0,0,0,0,0,5,0,0,0,0,1,0,0,0,0,1,0,0,1,0,0,0,0,0,0,0
letters.0218.xml,0,0,0,0,0,0,0,0,0,1,0,1,0,0,0,0,0,0,0,0,0,0,6,0,0,0,0,0,1,4,0,0,0,0,0,1,0,0,0,2,0,0,1,0,0,0,0,0,0,0
letters.0064.xml,0,0,0,0,0,0,0,0,0,0,0,0,0,0,0,0,0,0,0,2,0,0,0,0,0,0,0,0,0,15,0,0,0,0,0,0,0,0,0,0,0,0,0,0,0,0,0,0,0,0
letters.0096.xml,0,0,0,0,0,0,0,0,0,0,0,0,0,0,0,0,0,0,0,0,0,0,35,0,0,0,0,0,0,2,0,0,0,0,0,1,0,0,0,0,0,0,0,0,0,0,0,0,0,0
letters.0029.xml,0,0,0,0,0,0,0,0,0,1,0,0,0,0,0,0,0,0,0,0,0,0,6,0,0,0,0,0,1,6,0,0,0,0,1,2,0,0,0,2,0,0,1,0,0,0,0,0,0,0
letters.0229.xml,0,0,0,0,0,0,0,0,0,1,0,1,0,0,0,0,0,0,0,0,0,0,1,0,0,0,0,0,1,1,0,0,0,0,0,0,0,0,0,2,0,0,1,0,0,0,0,0,0,0
letters.0540.xml,0,0,0,0,0,0,0,0,0,1,0,1,0,0,0,0,0,0,0,1,0,0,0,0,0,0,0,0,1,2,0,0,0,0,0,0,0,0,0,1,0,0,1,0,0,0,0,0,0,0
letters.0548.xml,0,0,0,0,0,0,0,0,0,1,0,1,0,0,0,0,0,0,0,0,0,0,0,0,0,0,0,0,1,2,0,0,0,0,0,0,0,0,0,2,0,0,1,0,0,0,0,0,0,0
letters.0477.xml,0,0,0,0,0,0,0,0,0,1,0,1,0,0,0,0,0,0,0,2,0,0,0,0,0,0,0,0,1,2,0,0,0,0,1,0,0,0,0,2,0,0,1,0,0,0,0,0,0,0
letters.0381.xml,0,0,0,0,0,0,0,312,0,1,0,1,0,0,0,0,0,0,0,10,0,0,3,0,0,0,0,0,1,13,0,0,0,0,1,0,0,0,102,2,0,0,0,0,0,0,3,0,1,0
letters.0001.xml,0,0,0,0,0,0,0,0,0,1,0,0,0,0,0,0,0,0,0,0,0,0,1,0,0,0,0,0,1,2,0,0,0,0,1,0,0,0,0,2,0,0,1,0,0,0,0,0,0,0
letters.0094.xml,0,0,0,0,0,0,0,0,0,0,0,1,0,0,0,0,0,0,0,0,0,0,0,0,0,0,0,0,1,1,0,0,0,0,0,0,0,0,0,0,0,0,0,0,0,0,0,0,0,0
letters.0104.xml,0,0,0,0,0,0,0,0,0,1,0,1,2,0,0,0,0,0,0,12,0,0,3,0,0,0,0,0,1,8,0,0,0,0,0,1,0,0,0,2,0,0,1,0,0,0,0,0,0,0
letters.0621.xml,0,0,0,0,0,0,0,0,0,0,0,0,0,0,0,0,0,0,0,6,0,0,0,0,0,0,0,0,0,1,0,0,0,0,0,0,0,0,0,0,0,0,0,0,0,0,0,0,0,0
letters.0059.xml,0,0,0,0,0,0,0,0,0,1,0,1,0,0,0,0,0,0,0,0,0,0,0,0,0,0,0,0,0,4,0,0,0,0,0,1,0,0,0,1,0,0,0,0,0,0,0,0,0,0
letters.0144.xml,0,0,0,0,0,0,0,0,0,1,0,1,0,0,0,0,0,0,0,1,0,0,0,0,0,0,0,0,1,4,0,0,0,0,1,0,0,0,0,2,0,0,1,0,0,0,0,0,0,0
letters.0037.xml,0,0,0,0,0,0,0,0,0,1,0,1,0,0,0,0,0,0,0,7,0,0,1,0,0,0,0,0,0,5,0,0,0,0,0,2,0,0,0,1,0,0,0,0,0,0,0,0,0,0
letters.0512.xml,0,0,0,0,0,0,0,0,0,1,0,0,0,0,0,0,0,0,0,4,0,0,0,0,0,0,0,0,0,4,0,0,0,0,1,0,0,0,0,1,0,0,1,0,0,0,0,0,0,0
letters.0027.xml,0,0,0,0,0,0,0,0,0,1,0,1,0,0,0,0,0,0,0,2,0,0,0,0,0,0,0,0,1,1,0,0,0,0,0,0,0,0,0,2,0,0,1,0,0,0,0,0,0,0
letters.0344.xml,0,0,0,0,0,0,0,0,0,1,0,1,0,0,0,0,0,0,0,0,0,0,1,0,0,0,0,0,1,2,0,0,0,0,0,0,0,0,0,2,0,0,1,0,0,0,0,0,0,0
letters.0078.xml,0,0,0,0,0,0,0,0,0,0,0,1,0,0,0,0,0,0,0,0,0,0,0,0,0,0,0,0,1,1,0,0,0,0,0,0,0,0,0,0,0,0,0,0,0,0,0,0,0,0
letters.0399.xml,0,0,0,0,0,0,0,0,0,0,0,1,0,0,0,1,0,1,0,1,0,0,0,0,0,0,0,0,1,2,0,0,0,0,0,0,0,0,0,1,0,0,0,0,0,0,0,0,0,0
letters.0531.xml,0,0,0,0,0,0,0,0,0,1,0,1,0,0,0,0,0,0,0,0,0,0,1,0,0,0,0,0,1,6,0,0,0,0,1,0,0,0,0,2,0,0,1,0,0,0,0,0,0,0
letters.0041.xml,0,0,0,0,0,0,0,0,0,1,0,1,0,0,0,0,0,0,0,0,0,0,82,0,0,0,0,0,0,6,0,0,0,0,0,0,0,0,0,0,0,0,0,0,0,0,0,0,0,0
letters.0596.xml,0,0,0,0,0,0,0,0,0,1,0,1,0,0,0,0,0,0,0,11,0,0,2,0,0,0,0,0,1,18,0,0,0,0,0,0,0,0,0,2,0,0,1,0,0,0,0,0,0,0
letters.0362.xml,0,0,0,0,0,0,0,0,0,1,0,1,0,0,0,0,0,0,0,6,0,0,0,0,0,0,0,0,1,4,0,0,0,0,0,0,0,0,0,2,0,0,1,0,0,0,0,0,0,0
letters.0336.xml,0,0,0,0,0,0,0,0,0,1,0,1,0,0,0,0,0,0,0,14,0,0,2,0,0,0,0,0,1,7,0,0,0,0,1,1,0,0,0,2,0,0,1,0,0,0,0,0,0,0
letters.0453.xml,0,0,0,0,0,0,0,0,0,1,0,1,0,0,0,0,0,0,0,0,6,0,0,0,0,1,0,0,1,4,0,0,0,0,0,0,0,0,0,1,0,0,0,0,0,0,0,0,0,0
letters.0055.xml,0,0,0,0,0,0,0,0,0,1,0,1,0,0,0,0,0,0,0,0,0,0,0,0,0,0,0,0,1,1,0,0,0,0,0,0,0,0,0,2,0,0,1,0,0,0,0,0,0,0
letters.0273.xml,0,0,0,0,0,0,0,0,0,1,0,1,0,0,0,0,0,0,0,2,0,0,1,0,0,0,0,0,1,3,0,0,0,0,0,0,0,0,0,1,0,0,1,0,0,0,0,0,0,0
letters.0289.xml,0,0,0,0,0,0,0,0,0,1,0,1,0,0,0,0,0,0,0,0,0,0,0,0,0,0,0,0,0,1,0,0,0,0,0,0,0,0,0,0,0,0,1,0,0,0,0,0,0,0
letters.0410.xml,0,0,0,0,0,0,0,0,0,2,0,1,0,0,0,0,0,0,0,1,0,0,1,0,0,0,0,0,1,3,0,0,0,0,1,0,0,0,0,2,0,0,1,0,0,0,0,0,0,0
txt_GrayTh1716_wwsma.xml,0,0,0,0,175,0,0,0,0,0,0,0,1,1,0,0,0,0,1,0,0,24,0,6,1,0,0,0,0,0,0,32,0,0,0,0,0,0,0,0,0,0,0,0,0,0,0,0,0,200
letters.0497.xml,0,0,0,0,0,0,0,0,0,1,0,0,0,0,0,0,0,0,0,1,0,0,1,0,0,0,0,0,0,5,0,0,0,0,1,0,0,0,0,1,0,0,1,0,0,0,0,0,0,0
letters.0063.xml,0,0,0,0,0,0,0,0,0,1,0,1,0,0,0,0,0,0,0,0,0,0,0,0,0,0,0,0,1,1,0,0,0,0,0,0,0,0,0,2,0,0,1,0,0,0,0,0,0,0
letters.0559.xml,0,0,0,0,0,0,0,0,0,1,0,1,0,0,0,0,0,0,0,2,0,0,0,0,0,0,0,0,1,7,0,0,0,0,1,0,0,0,0,1,0,0,1,0,0,0,0,0,0,0
letters.0176.xml,0,0,0,0,0,0,0,0,0,1,0,1,0,0,0,0,0,0,0,0,0,0,0,0,0,0,0,0,1,1,0,0,0,0,0,0,0,0,0,2,0,0,1,0,0,0,0,0,0,0
letters.0127.xml,0,0,0,0,0,0,0,0,0,0,0,1,0,0,0,0,0,0,0,22,0,0,54,0,0,0,0,0,1,10,0,0,0,0,0,3,0,0,0,0,0,0,0,0,0,0,0,0,0,0
letters.0509.xml,0,0,0,0,0,0,0,0,0,1,0,1,0,0,0,0,0,0,0,1,0,0,1,0,0,0,0,0,1,3,0,0,0,0,1,0,0,0,0,2,0,0,1,0,0,0,0,0,0,0
letters.0498.xml,0,0,0,0,0,0,0,0,0,1,0,1,0,0,0,0,0,0,0,0,0,0,0,0,0,0,0,0,1,2,0,0,0,0,1,0,0,0,0,2,0,0,1,0,0,0,0,0,0,0
letters.0236.xml,0,0,0,0,0,0,0,0,0,1,0,1,0,0,0,0,0,0,0,9,0,0,2,0,0,0,0,0,1,3,0,0,0,0,0,1,0,0,0,2,0,0,1,0,0,0,0,0,0,0
letters.0242.xml,0,0,0,0,0,0,0,0,0,1,0,1,0,0,0,0,0,0,0,1,0,0,27,0,0,0,0,0,0,9,0,0,0,0,0,1,0,0,0,1,0,0,1,0,0,0,0,0,0,0
letters.0395.xml,0,0,0,0,0,0,0,0,0,1,0,0,0,0,0,0,0,0,0,0,0,0,0,0,0,0,0,0,1,3,0,0,0,0,0,0,0,0,0,2,0,0,0,0,0,0,0,0,0,0
letters.0314.xml,0,0,0,0,0,0,0,0,0,1,0,1,0,0,0,0,0,0,0,0,0,0,1,0,0,0,0,0,1,4,0,0,0,0,0,0,0,0,0,2,0,0,1,0,0,0,0,0,0,0
letters.0375.xml,0,0,0,0,0,0,0,0,0,1,0,1,0,0,0,0,0,0,0,12,0,0,0,0,0,0,0,0,1,5,0,0,0,0,0,0,0,0,0,2,0,0,0,0,0,0,0,0,0,0
letters.0473.xml,0,0,0,0,0,0,0,0,0,0,0,0,0,0,0,0,0,0,0,7,0,0,0,0,0,0,0,0,1,6,0,0,0,0,0,0,0,0,0,1,0,0,0,0,0,0,0,0,0,0
letters.0021.xml,0,0,0,0,0,0,0,0,0,1,0,1,0,0,0,0,0,0,0,2,0,0,2,0,0,0,0,0,1,7,0,0,0,0,0,3,0,0,0,1,0,0,1,0,0,0,0,0,0,0
letters.0065.xml,0,0,0,0,0,0,0,0,0,0,0,0,0,0,0,0,0,0,0,0,0,0,116,0,0,0,0,0,0,8,0,0,0,0,0,1,0,0,0,0,0,0,0,0,0,0,0,0,0,0
letters.0447.xml,0,0,0,0,0,0,0,0,0,1,0,1,0,0,0,0,0,0,0,0,0,0,1,0,0,0,0,0,1,5,0,0,0,0,0,0,0,0,0,2,0,0,0,0,0,0,0,0,0,0
txt_GrayTh1716_wbapo.xml,0,0,7,0,1806,0,0,0,0,0,0,0,3,26,0,0,0,0,11,0,0,146,3,9,1,0,0,35,0,1,0,610,0,0,0,5,0,0,0,0,0,0,0,0,0,0,0,0,0,1979
letters.0485.xml,0,0,0,0,0,0,0,0,0,1,0,0,0,0,0,0,0,0,0,2,0,0,0,0,0,0,0,0,1,3,0,0,0,0,1,0,0,0,0,2,0,0,1,0,0,0,0,0,0,0
letters.0537.xml,0,0,0,0,0,0,0,0,0,1,0,1,0,0,0,0,0,0,0,2,0,0,2,0,0,0,0,0,1,4,0,0,0,0,1,0,0,0,0,2,0,0,0,0,0,0,0,0,0,0
txt_GrayTh1716_woopv.xml,0,0,0,0,271,0,0,0,0,0,0,0,1,0,0,0,0,0,1,0,0,59,0,8,1,0,0,0,0,0,0,56,0,0,0,0,0,0,0,0,0,0,0,0,0,0,0,0,0,329
txt_GrayTh1716_wvsfr.xml,0,0,0,0,55,0,0,0,0,0,0,0,1,0,0,0,0,0,3,0,0,11,0,3,1,0,0,0,0,0,0,26,0,0,0,0,0,0,0,0,0,0,0,0,0,0,0,0,0,59
letters.0354.xml,0,0,0,0,0,0,0,0,0,1,0,1,0,0,0,0,0,0,0,2,0,0,1,0,0,0,0,0,1,4,0,0,0,0,1,0,0,0,0,2,0,0,0,0,0,0,0,0,0,0
letters.0481.xml,0,0,0,0,0,0,0,0,0,1,0,1,0,0,0,0,0,0,0,0,0,0,1,0,0,0,0,0,1,1,0,0,0,0,0,0,0,0,0,2,0,0,1,0,0,0,0,0,0,0
letters.0456.xml,0,0,0,0,0,0,0,0,0,1,0,1,0,0,0,0,0,0,0,0,0,0,1,0,0,0,0,0,1,3,0,0,0,0,0,0,0,0,0,2,0,0,0,0,0,0,0,0,0,0
letters.0494.xml,0,0,0,0,0,0,0,0,0,1,0,1,0,0,0,0,0,0,0,0,0,0,0,0,0,0,0,0,1,1,0,0,0,0,0,0,0,0,0,2,0,0,1,0,0,0,0,0,0,0
letters.0407.xml,0,0,0,0,0,0,0,0,0,1,0,1,0,0,0,0,0,0,0,0,0,0,1,0,0,0,0,0,1,3,0,0,0,0,1,0,0,0,0,2,0,0,1,0,0,0,0,0,0,0
txt_GrayTh1716_wlt17.xml,0,0,0,0,0,0,0,0,0,0,0,0,1,0,0,0,0,0,1,1,0,2,0,1,1,0,0,0,0,0,0,0,0,0,0,0,0,0,0,0,0,0,0,0,0,0,0,0,0,0
txt_GrayTh1716_wsorw.xml,0,0,0,0,101,0,0,0,0,0,0,0,1,0,0,0,0,0,1,0,0,14,0,1,1,0,0,0,0,0,0,18,0,0,0,0,0,0,0,0,0,0,0,0,0,0,0,0,0,116
letters.0240.xml,0,0,0,0,0,0,0,0,0,1,0,1,0,0,0,0,0,0,0,0,0,0,0,0,0,0,0,0,1,7,0,0,0,0,1,0,0,0,0,1,0,0,1,0,0,0,0,0,0,0
letters_master.xml,9,0,0,0,0,0,0,0,0,1,0,0,0,0,0,0,0,0,0,0,0,0,1,0,0,0,0,0,1,2,0,0,0,0,1,0,0,0,0,2,0,0,1,0,0,0,0,0,0,0
letters.0326.xml,0,0,0,0,0,0,0,0,0,1,0,1,0,0,0,0,0,0,0,3,0,0,1,0,0,0,0,0,1,2,0,0,0,0,0,0,0,0,0,2,0,0,1,0,0,0,0,0,0,0
letters.0397.xml,0,0,0,0,0,0,0,0,0,1,0,1,0,0,0,0,0,0,0,2,0,0,0,0,0,0,0,0,1,2,0,0,0,0,0,0,0,0,0,2,0,0,1,0,0,0,0,0,0,0
letters.0533.xml,0,0,0,0,0,0,0,0,0,0,0,1,0,0,0,0,0,0,0,0,0,0,0,0,0,0,0,0,1,2,0,0,0,0,0,0,0,0,0,0,0,0,0,0,0,0,0,0,0,0
letters.0607.xml,0,0,0,0,0,0,0,0,0,1,0,1,0,0,0,0,0,0,0,0,0,0,1,0,0,0,0,0,1,2,0,0,0,0,1,0,0,0,0,2,0,0,1,0,0,0,0,0,0,0
letters.0156.xml,0,0,0,0,0,0,0,0,0,1,0,1,0,0,0,0,0,0,0,0,0,0,1,0,0,0,0,0,0,3,0,0,0,0,0,1,0,0,0,1,0,0,1,0,0,0,0,0,0,0
letters.0624.xml,0,0,0,0,0,0,0,0,0,0,0,1,0,0,0,0,0,0,0,36,0,0,0,0,0,0,0,0,1,25,0,0,0,0,0,0,0,0,0,0,0,0,0,0,0,0,0,0,0,0
letters.0215.xml,0,0,0,0,0,0,0,0,0,1,0,1,0,0,0,0,0,0,0,0,0,0,1,0,0,0,0,0,1,3,0,0,0,0,0,1,0,0,0,2,0,0,1,0,0,0,0,0,0,0
letters.0554.xml,0,0,0,0,0,0,0,0,0,0,0,1,0,0,0,0,0,0,0,1,0,0,0,0,0,0,0,0,1,1,0,0,0,0,0,0,0,0,0,0,0,0,0,0,0,0,0,0,0,0
txt_GrayTh1716_wlojd.xml,0,0,0,0,328,0,0,0,0,0,0,0,1,0,0,0,0,0,1,0,0,51,0,4,1,0,0,0,0,0,0,67,0,0,0,0,0,0,0,0,0,0,0,0,0,0,0,0,0,380
letters.0571.xml,0,0,0,0,0,0,0,0,0,1,0,1,0,0,0,0,0,0,0,9,0,0,1,0,0,0,0,0,1,4,0,0,0,0,0,0,0,0,0,2,0,0,1,0,0,0,0,0,0,0
txt_GrayTh1716_wlog3.xml,0,0,0,0,26,0,0,0,0,0,0,0,1,0,0,0,0,0,1,0,0,6,0,1,1,0,0,0,0,0,0,6,0,0,0,0,0,0,0,0,0,0,0,0,0,0,0,0,0,33
txt_GrayTh1716_wocmu.xml,0,0,0,0,510,0,0,0,0,0,0,0,1,11,0,0,0,0,11,0,0,94,0,10,1,0,0,0,0,0,0,170,0,0,0,0,0,0,0,0,0,0,0,0,0,2,0,0,1,614
letters.0391.xml,0,0,0,0,0,0,0,0,0,0,0,0,0,0,0,0,0,0,0,0,0,0,0,0,0,0,0,1,0,2,0,0,0,0,0,0,0,0,0,0,0,0,0,0,0,0,0,0,0,0
letters.0541.xml,0,0,0,0,0,0,0,0,0,1,0,1,0,0,0,0,0,0,0,0,0,0,3,0,0,0,0,0,1,4,0,0,0,0,0,1,0,0,0,2,0,0,1,0,0,0,0,0,0,0
letters.0251.xml,0,0,0,0,0,0,0,0,0,1,0,1,0,0,0,0,0,0,0,1,11,0,2,0,0,1,0,0,1,5,0,0,0,0,0,0,0,0,0,2,0,0,1,0,0,0,0,0,0,0
txt_GrayTh1716_winaw.xml,0,0,0,0,0,0,0,0,0,0,0,0,1,0,0,0,0,0,1,0,0,4,0,1,1,0,0,0,0,0,0,0,0,0,0,0,0,0,0,0,0,0,0,0,0,0,0,0,0,0
letters.0053.xml,0,0,0,0,0,0,0,0,0,1,0,0,0,0,0,0,0,0,0,0,0,0,0,0,0,0,0,0,1,2,0,0,0,0,1,0,0,0,0,2,0,0,1,0,0,0,0,0,0,0
letters.0112.xml,0,0,0,0,0,0,0,0,0,0,0,1,0,0,0,0,0,0,0,0,0,0,20,0,0,0,0,0,1,7,0,0,0,0,0,2,0,0,0,0,0,0,0,0,0,0,0,0,0,0
letters.0604.xml,0,0,0,0,0,0,0,0,0,1,0,1,0,0,0,0,0,0,0,0,0,0,0,0,0,0,0,0,1,3,0,0,0,0,0,0,0,0,0,1,0,0,1,0,0,0,0,0,0,0
letters.0047.xml,0,0,0,0,0,0,0,0,0,1,0,1,0,0,0,0,0,0,0,0,0,0,6,0,0,0,0,0,0,5,0,0,0,0,0,2,0,0,0,1,0,0,0,0,0,0,0,0,0,0
letters.0475.xml,0,0,0,0,0,0,0,0,0,1,0,1,0,0,0,0,0,0,0,2,0,0,0,0,0,0,0,0,1,7,0,0,0,0,1,1,0,0,0,2,0,0,0,0,0,0,0,0,0,0
letters.0434.xml,0,0,0,0,0,0,0,0,0,1,0,1,0,0,0,0,0,0,0,8,0,0,1,0,0,0,0,0,1,4,0,0,0,0,0,0,0,0,0,2,0,0,1,0,0,0,0,0,0,0
letters.0615.xml,0,0,0,0,0,0,0,0,0,1,0,1,0,0,0,0,0,0,0,2,0,0,1,0,0,0,0,0,1,3,0,0,0,0,0,0,0,0,0,1,0,0,1,0,0,0,0,0,0,0
letters.0209.xml,0,0,0,0,0,0,0,0,0,1,0,1,0,0,0,0,0,0,0,0,0,0,0,0,0,0,0,0,1,2,0,0,0,0,0,0,0,0,0,2,0,0,1,0,0,0,0,0,0,0
letters.0380.xml,0,0,0,0,0,0,0,0,0,1,0,1,0,0,0,0,0,0,0,7,0,0,1,0,0,0,0,0,1,5,0,0,0,0,0,0,0,0,0,2,0,0,0,0,0,0,0,0,0,0
letters.0166.xml,0,0,0,0,0,0,0,0,0,0,0,0,0,0,0,0,0,0,0,7,0,0,0,0,0,0,0,0,0,1,0,0,0,0,0,0,0,0,0,0,0,0,0,0,0,0,0,0,0,0
letters.0347.xml,0,0,0,0,0,0,0,0,0,1,0,1,0,0,0,0,0,0,0,1,0,0,1,0,0,0,0,0,1,5,0,0,0,0,1,0,0,0,0,2,0,0,1,0,0,0,0,0,0,0
letters.0418.xml,0,0,0,0,0,0,0,0,0,1,0,1,0,0,0,1,0,1,0,13,0,0,0,0,0,0,0,0,1,5,0,0,0,0,1,0,0,0,0,2,0,0,0,0,0,0,0,0,0,0
letters.0365.xml,0,0,0,0,0,0,0,0,0,1,0,1,0,0,0,0,0,0,0,2,0,0,1,0,0,0,0,0,1,7,0,0,0,0,0,0,0,0,0,2,0,0,0,0,0,0,0,0,0,0
letters.0361.xml,0,0,0,0,0,0,0,48,0,0,0,0,0,0,0,0,0,0,0,7,0,0,7,0,0,0,0,0,1,10,0,0,0,0,0,1,0,0,24,1,0,0,0,0,0,0,1,0,0,0
letters.0504.xml,0,0,0,0,0,0,0,0,0,1,0,1,0,0,0,0,0,0,0,11,0,0,1,0,0,0,0,0,1,3,0,0,0,0,1,0,0,0,0,2,0,0,0,0,0,0,0,0,0,0
letters.0185.xml,0,0,0,0,0,0,0,0,0,1,0,1,0,0,0,0,0,0,0,2,0,0,1,0,0,0,0,0,1,2,0,0,0,0,0,0,0,0,0,1,0,0,1,0,0,0,0,0,0,0
txt_GrayTh1716_wlt11.xml,0,0,0,0,0,0,0,0,0,0,0,0,1,0,0,0,0,0,1,0,0,56,0,1,1,0,0,0,0,0,0,0,0,0,0,0,0,0,0,0,0,0,0,0,0,0,0,0,0,0
letters.0550.xml,0,0,0,0,0,0,0,0,0,0,0,0,0,0,0,0,0,0,0,5,0,0,0,0,0,0,0,0,0,3,0,0,0,0,0,0,0,0,0,0,0,0,0,0,0,0,0,0,0,0
letters.0405.xml,0,0,0,0,0,0,0,0,0,1,0,1,0,0,0,0,0,0,0,0,0,0,0,0,0,0,0,0,1,2,0,0,0,0,0,0,0,0,0,2,0,0,1,0,0,0,0,0,0,0
treaty_05.xml,0,0,0,0,0,0,0,0,0,0,0,0,9,0,0,0,2,0,9,2,0,0,248,0,0,0,0,0,0,189,0,0,209,0,0,0,0,0,0,0,0,0,0,0,0,0,0,0,0,0
letters.0479.xml,0,0,0,0,0,0,0,0,0,1,0,0,0,0,0,0,0,0,0,8,0,0,1,0,0,0,0,0,1,4,0,0,0,0,1,0,0,0,0,2,0,0,1,0,0,0,0,0,0,0
letters.0547.xml,0,0,0,0,0,0,0,0,0,1,0,1,0,0,0,0,0,0,0,1,0,0,1,0,0,0,0,0,1,3,0,0,0,0,1,0,0,0,0,1,0,0,1,0,0,0,0,0,0,0
txt_GrayTh1716_wsng1.xml,0,0,0,0,66,0,0,0,0,0,0,0,1,0,0,0,0,0,1,0,0,8,0,2,1,0,0,0,0,0,0,14,0,0,0,0,0,0,0,0,0,0,0,0,0,0,0,0,0,74
letters.0084.xml,0,0,0,0,0,0,0,0,0,0,0,1,0,0,0,0,0,0,0,0,0,0,0,0,0,0,0,0,1,1,0,0,0,0,0,0,0,0,0,0,0,0,0,0,0,0,0,0,0,0
letters.0028.xml,0,0,0,0,0,0,0,0,0,1,0,0,0,0,0,0,0,0,0,0,0,0,0,0,0,0,0,0,1,1,0,0,0,0,0,0,0,0,0,1,0,0,0,0,0,0,0,0,0,0
letters.0227.xml,0,0,0,0,0,0,0,0,0,1,0,1,0,0,0,0,0,0,0,3,0,0,1,0,0,0,0,0,1,4,0,0,0,0,0,0,0,0,0,2,0,0,1,0,0,0,0,0,0,0
treaty_09.xml,0,0,0,0,0,0,0,0,0,0,0,0,11,0,0,0,0,0,11,24,12,0,152,0,0,3,0,0,0,393,0,0,214,0,0,0,0,0,0,0,0,0,0,0,0,0,0,0,0,0
letters.0102.xml,0,0,0,0,0,0,0,0,0,0,0,1,0,0,0,0,0,0,0,0,0,0,0,0,0,0,0,0,1,3,0,0,0,0,0,0,0,0,0,0,0,0,0,0,0,0,0,0,0,0
letters.0290.xml,0,0,0,0,0,0,0,0,0,1,0,1,0,0,0,0,0,0,0,1,0,0,1,0,0,0,0,0,1,3,0,0,0,0,0,0,0,0,0,2,0,0,0,0,0,0,0,0,0,0
letters.0005.xml,0,0,0,0,0,0,0,0,0,1,0,1,0,0,0,0,0,0,0,0,0,0,0,0,0,0,0,0,1,2,0,0,0,0,1,0,0,0,0,2,0,0,0,0,0,0,0,0,0,0
txt_GrayTh1716_wlt05.xml,0,0,0,0,0,0,0,0,0,0,0,0,1,1,0,0,0,0,1,2,0,207,1,8,1,0,0,22,0,0,0,0,0,0,0,0,0,0,0,0,0,0,0,0,0,0,0,0,0,0
letters.0132.xml,0,0,0,0,0,0,0,0,0,1,0,1,0,0,0,0,0,0,0,0,0,0,0,0,0,0,0,0,1,4,0,0,0,0,1,0,0,0,0,1,0,0,1,0,0,0,0,0,0,0
letters.0374.xml,0,0,0,0,0,0,0,0,0,0,0,0,0,0,0,0,0,0,0,2,0,0,0,0,0,0,0,0,0,1,0,0,0,0,0,0,0,0,0,0,0,0,0,0,0,0,0,0,0,0
letters.0291.xml,0,0,0,0,0,0,0,0,0,1,0,1,0,0,0,0,0,0,0,15,0,0,1,0,0,0,0,0,1,3,0,0,0,0,1,0,0,0,0,2,0,0,1,0,0,0,0,0,0,0
letters.0285.xml,0,0,0,0,0,0,0,0,0,1,0,1,0,0,0,0,0,0,0,34,0,0,10,0,0,0,0,0,1,10,0,0,0,0,1,1,0,0,0,2,0,0,1,0,0,0,0,0,0,0
letters.0342.xml,0,0,0,0,0,0,0,0,0,1,0,1,0,0,0,0,0,0,0,0,0,0,0,0,0,0,0,0,1,5,0,0,0,0,1,0,0,0,0,2,0,0,0,0,0,0,0,0,0,0
letters.0177.xml,0,0,0,0,0,0,0,0,0,1,0,1,0,0,0,0,0,0,0,4,0,0,127,0,0,0,0,0,1,9,0,0,0,0,1,1,0,0,0,2,0,0,0,0,0,0,0,0,0,0
letters.0355.xml,0,0,0,0,0,0,0,0,0,1,0,1,0,0,0,0,0,0,0,11,0,0,1,0,0,0,0,0,1,9,0,0,0,0,0,0,0,0,0,2,0,0,1,0,0,0,0,0,0,0
letters.0298.xml,0,0,0,0,0,0,0,0,0,1,0,1,0,0,0,0,0,0,0,3,0,0,0,0,0,0,0,0,1,2,0,0,0,0,0,0,0,0,0,2,0,0,0,0,0,0,0,0,0,0
letters.0343.xml,0,0,0,0,0,0,0,0,0,0,0,1,0,0,0,0,0,0,0,1,0,0,0,0,0,0,0,0,1,3,0,0,0,0,0,0,0,0,0,0,0,0,0,0,0,0,0,0,0,0
letters.0288.xml,0,0,0,0,0,0,0,0,0,1,0,1,0,0,0,0,0,0,0,3,0,0,1,0,0,0,0,0,1,3,0,0,0,0,1,0,0,0,0,2,0,0,1,0,0,0,0,0,0,0
letters.0228.xml,0,0,0,0,0,0,0,0,0,1,0,1,0,0,0,0,0,0,0,0,0,0,1,0,0,0,0,0,1,7,0,0,0,0,0,1,0,0,0,2,0,0,1,0,0,0,0,0,0,0
letters.0525.xml,0,0,0,0,0,0,0,0,0,1,0,1,0,0,0,0,0,0,0,5,0,0,1,0,0,0,0,0,1,8,0,0,0,0,1,0,0,0,0,2,0,0,1,0,0,0,0,0,0,0
letters.0427.xml,0,0,0,0,0,0,0,0,0,1,0,1,0,0,0,0,0,0,0,2,0,0,1,0,0,0,0,0,1,6,0,0,0,0,0,0,0,0,0,2,0,0,1,0,0,0,0,0,0,0
fra.Fayolle.1812.xml,0,0,0,0,0,0,0,0,0,0,0,0,1,0,0,0,0,0,1,0,0,128,0,33,0,0,0,0,0,0,0,0,0,0,0,0,0,0,0,0,0,0,0,0,0,0,0,0,0,0
deu.Anon.1823.xml,0,0,0,0,0,0,0,0,0,0,0,0,1,0,0,0,0,0,2,0,0,128,0,33,0,0,0,0,0,0,0,0,0,0,0,0,0,0,0,0,0,0,0,0,0,0,0,0,0,0
lat.Smith.1846.xml,0,0,0,0,0,0,0,0,0,0,0,0,1,0,0,0,0,0,1,0,0,16,0,4,0,0,0,0,0,0,0,0,0,0,0,0,0,0,0,0,0,0,0,0,0,0,0,0,0,0
lat.Wakefield.1776.xml,0,0,0,0,784,0,0,0,0,0,0,0,1,0,0,0,0,0,2,9,0,140,0,36,0,0,0,0,0,0,7,203,0,0,0,0,0,0,0,0,0,0,0,0,0,0,0,0,0,792
deu.Gotter.1771.xml,0,0,0,0,1073,0,0,0,0,0,0,0,1,0,0,0,0,0,2,0,0,132,0,38,0,0,0,0,0,0,4,211,0,0,0,0,0,0,0,0,0,0,0,0,0,0,0,0,0,1074
ita.Buttura.1801.xml,0,0,0,0,872,0,0,0,0,0,0,0,1,0,0,0,0,0,2,0,0,129,0,45,0,0,32,0,0,0,4,176,0,0,0,0,0,0,0,0,0,0,0,0,0,0,0,0,0,887
por.daPonte.1794.xml,0,0,0,1,1168,0,0,0,0,0,0,0,1,0,0,0,0,0,1,0,0,0,0,0,0,0,0,0,0,30,0,193,0,0,0,0,0,0,0,0,0,0,0,0,0,0,0,0,0,1184
fra.FN.1788.xml,0,0,0,0,1283,0,0,0,0,0,0,0,1,0,0,0,0,0,2,0,0,163,0,45,0,0,0,0,0,0,5,255,0,0,0,0,0,0,0,0,0,0,1,0,0,0,0,0,0,1285
fra.DuBois.1797.xml,0,0,0,0,1394,0,0,0,0,0,0,0,1,0,0,0,0,0,3,0,0,13,4,4,0,0,0,3,0,28,8,224,0,0,0,0,0,0,0,0,0,0,0,0,0,0,0,0,0,1383
lat.SNE.1824.xml,0,0,0,0,0,0,0,0,0,0,0,0,1,0,0,0,0,0,2,0,0,128,0,33,0,0,0,0,0,0,0,0,0,0,0,0,0,0,0,0,0,0,0,0,0,0,0,0,0,0
por.AlmeidaCoutinho.1836.xml,0,0,0,0,0,0,0,0,0,1,0,0,1,0,0,0,0,0,2,0,0,192,0,33,0,0,0,0,0,0,0,0,0,0,0,0,0,0,0,0,0,0,0,0,0,0,0,0,0,0
spa.Escoiquiz.1805.xml,0,0,0,0,1417,0,0,0,0,0,0,0,1,0,0,0,0,0,2,0,0,0,0,0,0,0,0,0,0,25,6,186,0,0,0,0,0,0,0,0,12,0,1,0,0,0,0,0,0,1429
lat.Costa.1772.xml,0,0,0,0,789,0,0,0,0,0,0,0,1,0,0,0,0,0,2,0,0,128,0,33,0,0,0,0,0,0,0,192,0,0,0,0,0,0,0,0,0,0,0,0,0,0,0,0,0,790
fra.Hoyau.1837.xml,0,0,0,0,0,0,0,0,0,0,0,0,1,0,0,0,0,0,2,0,0,128,0,33,0,0,0,0,0,0,0,0,0,0,0,0,0,0,0,0,0,0,0,0,0,0,0,0,0,0
lat.Murphy.1786.xml,0,0,0,0,827,0,0,0,0,0,0,0,1,0,0,0,0,0,2,0,0,178,0,44,0,0,0,0,0,0,13,200,0,0,0,0,0,0,0,0,0,0,0,0,0,0,0,0,0,830
lat.Barbieri.1817.xml,0,0,0,0,0,0,0,0,0,0,0,0,1,0,0,0,0,0,34,0,0,173,0,33,0,0,0,0,0,0,0,0,0,0,0,0,0,0,0,0,0,0,0,0,0,0,0,0,0,0
deu.Anon.1789.xml,0,0,0,0,1132,0,0,0,0,0,3,0,1,0,0,0,0,0,2,1,0,0,0,0,0,0,32,0,0,32,12,188,0,0,0,0,0,0,0,0,0,0,0,0,0,0,0,0,0,1159
fra.Henrion.1830.xml,0,0,0,0,0,0,0,0,0,0,0,0,3,0,0,0,0,0,2,0,0,0,0,0,0,0,0,0,0,31,0,0,0,0,0,0,0,0,0,0,0,0,0,0,0,0,0,0,0,0
lat.G.1793.xml,0,0,1,0,889,0,0,0,0,0,0,0,1,0,0,0,0,0,1,0,0,140,2,34,0,0,0,1,0,0,4,234,0,0,0,1,0,0,0,0,0,0,0,0,0,0,0,0,0,868
spa.Urcullu.1843.xml,0,0,0,0,0,0,0,0,0,0,0,0,1,0,0,0,0,0,2,0,0,192,0,32,0,0,0,0,0,0,0,0,0,0,0,0,0,0,0,0,0,0,0,0,0,0,0,0,0,0
pol.Niemcewicz.1803.xml,0,0,0,0,836,0,0,0,0,0,0,0,1,0,0,0,0,0,2,0,0,124,0,32,0,0,0,0,0,0,5,185,0,0,0,0,0,0,0,0,0,0,0,0,0,0,0,0,0,842
ita.Crocchi.1775.xml,0,0,0,0,1213,0,0,0,0,0,0,0,1,0,0,0,0,0,2,0,0,188,0,63,0,0,0,2,0,0,10,177,0,0,0,0,0,0,0,0,0,0,0,0,0,0,0,0,0,1252
lat.Lloyd.1762.xml,0,0,0,0,970,0,0,0,0,0,0,0,1,0,0,0,0,0,2,0,0,156,0,33,0,0,0,0,0,0,8,196,0,0,0,0,0,0,0,0,0,0,0,0,0,0,0,0,0,962
deu.Krais.1839.xml,0,0,0,0,0,0,0,0,0,0,0,0,1,0,0,0,0,0,2,0,0,128,0,33,0,0,0,0,0,0,0,0,0,0,0,0,0,0,0,0,0,0,1,0,0,0,0,0,0,0
cym.JonesJM.1832.xml,0,0,0,0,0,0,0,0,0,0,0,0,1,0,0,0,0,0,3,0,0,128,1,33,0,0,0,0,0,0,0,0,0,0,0,0,0,0,0,0,0,0,0,0,0,0,0,0,0,0
hyl.Anon.1852.xml,0,0,0,0,0,0,0,0,0,0,0,0,1,0,0,0,0,0,2,0,0,128,0,33,0,0,0,0,0,0,0,0,0,0,0,0,0,0,0,0,0,0,0,0,0,0,0,0,0,0
rus.Zukovskij.1802.xml,0,0,0,0,862,0,0,0,0,0,0,0,1,0,0,0,0,0,1,0,0,140,0,36,0,0,0,0,0,0,0,200,0,0,0,0,0,0,0,0,0,0,0,0,0,0,0,0,0,849
lat.Colton.1822.xml,0,0,0,0,0,0,0,0,0,0,0,0,1,0,0,0,0,0,2,0,0,136,0,35,0,0,0,0,0,0,0,0,0,0,0,0,0,0,0,0,0,0,0,0,0,0,0,0,0,0
lat.Macaulay.1841.xml,0,0,0,0,0,0,0,0,0,0,0,0,1,0,0,0,0,0,2,0,0,128,0,33,0,0,0,0,0,0,0,0,0,0,0,0,0,0,0,0,0,0,0,0,0,0,0,0,0,0
fra.Hennet.1806.xml,0,0,0,0,0,0,0,0,0,0,0,0,1,0,0,0,0,0,3,0,0,128,0,33,0,0,0,0,0,0,0,0,0,0,0,0,0,0,0,0,0,0,0,0,0,0,0,0,0,0
spa.Guerra.1840.xml,0,0,0,0,0,0,0,0,0,0,0,0,1,0,0,0,0,0,2,0,0,178,0,33,0,0,0,0,0,0,0,0,0,0,0,0,0,0,0,0,0,0,0,0,0,0,0,0,0,0
heb.Venturi.1817.xml,0,0,0,0,0,0,0,0,0,0,0,0,1,0,0,0,0,0,34,0,0,128,3,33,0,0,0,0,0,0,0,0,0,0,0,0,0,0,0,0,0,0,0,0,0,0,0,0,0,0
ita.Gregori.1821.xml,0,0,0,0,0,0,0,0,0,0,0,0,1,0,0,0,0,0,2,0,0,217,0,72,0,0,0,0,0,0,0,0,0,0,0,0,0,0,0,0,0,0,0,0,0,0,0,0,0,0
fra.Kerivalant.1797.xml,0,0,0,0,1001,0,0,0,0,0,0,0,1,0,0,0,0,0,3,0,0,128,0,33,0,0,0,0,0,0,5,179,0,0,0,0,0,0,0,0,0,0,1,0,0,0,0,0,0,1001
fra.Villebois-Mareul.1813.xml,0,0,0,0,0,0,0,0,0,0,0,0,1,0,0,0,0,0,2,0,0,152,0,40,0,0,0,0,0,0,0,0,0,0,0,0,0,0,0,0,0,0,0,0,0,0,0,0,0,0
lat.Woty.1789.xml,0,0,0,0,779,0,0,0,0,0,0,0,1,0,0,0,0,0,3,0,0,132,0,34,0,0,0,0,0,0,7,209,0,0,0,0,0,0,0,0,0,0,0,0,0,0,0,0,0,788
fra.Dusaulchoy.1796.xml,0,0,0,0,1485,0,0,0,0,0,0,0,1,0,0,0,0,0,2,3,0,196,0,32,0,0,0,0,0,0,6,232,0,0,0,0,0,0,0,0,0,0,0,0,0,0,0,0,0,1483
fra.Charrin.1808.xml,0,0,0,0,0,0,0,0,0,0,0,0,1,0,0,0,0,0,2,0,0,128,0,33,0,0,0,0,0,0,0,0,0,0,0,0,0,0,0,0,0,0,0,0,0,0,0,0,0,0
lat.Evangeli.1772.xml,0,0,1,0,841,0,0,0,0,0,0,0,1,0,1,0,0,0,2,0,0,128,1,33,0,0,0,0,0,0,0,227,0,0,0,1,0,0,0,0,0,0,0,0,0,0,0,0,0,841
swe.Silverstolpe.1798.xml,0,0,0,0,989,0,0,0,0,0,0,0,1,0,0,0,0,0,3,4,0,135,0,34,0,0,0,0,0,0,5,210,0,0,0,0,0,0,0,0,0,0,0,0,0,0,0,0,0,997
ita.Torelli.1776.xml,0,0,0,0,917,0,0,0,0,0,0,0,1,0,0,0,0,0,2,0,0,128,0,33,0,0,0,0,0,0,6,171,0,0,0,0,0,0,0,0,0,0,0,0,0,0,0,0,0,922
fra.Berchere.1788.xml,0,0,0,0,1032,0,0,0,0,0,0,0,1,0,0,0,0,0,2,0,0,128,0,33,0,0,0,0,0,0,9,158,0,0,0,0,0,0,0,0,0,0,0,0,0,0,0,0,0,1033
lat.QEGS.1805.xml,0,0,0,0,718,0,0,0,0,0,0,0,1,0,0,0,0,0,2,0,0,116,0,29,0,0,0,0,0,0,3,137,0,0,0,0,0,0,0,0,0,0,0,0,0,0,0,0,0,720
fra.Anon.1831.xml,0,0,0,0,0,0,0,0,0,0,0,0,1,0,0,0,0,0,2,0,0,162,0,34,0,0,0,1,0,0,0,0,0,0,0,0,0,0,0,0,0,0,0,0,0,0,0,0,0,0
fra.Wasilij.1818.xml,0,0,0,0,0,0,0,0,0,0,0,0,1,0,0,0,0,0,2,0,0,128,0,33,0,0,0,0,0,0,0,0,0,0,0,0,0,0,0,0,0,0,0,0,0,0,0,0,0,0
fra.Grenus.1807.xml,0,0,0,0,0,0,0,0,0,0,0,0,1,0,0,0,0,0,2,0,0,128,0,33,0,0,0,0,0,0,0,0,0,0,0,0,0,0,0,0,0,0,0,0,0,0,0,0,0,0
lat.Hildyard.1838.xml,0,0,0,0,0,0,0,0,0,1,0,0,1,0,0,0,0,0,2,0,0,132,0,34,0,0,0,0,0,0,0,0,0,0,0,0,0,0,0,0,0,0,0,0,0,0,0,0,0,0
slv.Zemlja.1843.xml,0,0,0,0,0,0,0,0,0,0,0,0,1,0,0,0,0,0,1,0,0,116,0,29,0,0,0,0,0,0,0,0,0,0,0,0,0,0,0,0,0,0,0,0,0,0,0,0,0,0
fra.Cournand.1802.xml,0,0,0,1,1059,0,0,0,0,0,0,0,1,0,0,0,0,0,3,0,0,130,0,41,0,0,0,0,0,0,3,180,0,0,0,0,0,0,0,0,0,0,0,0,0,0,0,0,0,1065
lat.Hickie.1823.xml,0,0,0,0,0,0,0,0,0,0,0,0,1,0,0,0,0,0,39,0,0,144,0,37,0,0,0,0,0,0,0,0,0,0,0,0,0,0,0,0,0,0,0,0,0,0,0,0,0,0
lat.Wright.1786.xml,0,0,0,0,774,0,0,0,0,0,0,0,1,0,0,0,0,0,2,0,0,128,0,33,0,0,0,0,0,0,8,156,0,0,0,0,0,0,0,0,0,0,0,0,0,0,0,0,0,786
ita.Baraldi.1810.xml,0,0,0,0,0,0,0,0,0,0,0,0,3,0,0,0,0,0,2,0,0,0,43,0,0,0,0,0,0,30,0,0,0,0,0,0,0,0,0,0,0,0,0,0,0,0,0,0,0,0
spa.Miralla.1823.xml,0,0,0,0,0,0,0,0,0,0,0,0,1,0,0,0,0,0,2,0,0,128,0,33,0,0,0,0,0,0,0,0,0,0,0,0,0,0,0,0,0,0,1,0,0,0,0,0,0,0
fra.Necker.1765.xml,0,0,0,0,1144,0,0,0,0,0,0,0,1,0,0,0,0,0,2,0,0,0,0,0,0,0,0,0,0,30,6,143,0,0,0,0,0,0,0,0,0,0,0,0,0,0,0,0,0,1166
deu.Mueller.1776.xml,0,0,0,0,1014,0,0,0,0,0,0,0,1,0,0,0,0,0,1,0,0,0,0,0,0,0,32,0,0,8,6,159,0,0,0,0,0,0,0,0,32,0,0,0,0,0,0,0,0,1021
fra.Salaberry.1802.xml,0,0,0,0,1337,0,0,0,0,0,0,0,1,0,0,0,0,0,2,0,0,250,0,45,0,0,0,0,0,0,9,233,0,0,0,0,0,0,0,0,0,0,0,0,0,0,0,1,0,1340
ita.Castellazzi.1817.xml,0,0,0,0,0,0,0,0,0,0,0,0,1,0,0,0,0,0,34,0,0,128,0,33,0,0,0,0,0,0,0,0,0,0,0,0,0,0,0,0,0,0,0,0,0,0,0,0,0,0
deu.Tscharner.1805.xml,0,0,0,0,878,0,0,0,0,0,0,0,1,0,0,0,0,0,2,0,0,128,0,33,0,0,0,0,0,0,5,197,0,0,0,0,0,0,0,0,0,0,0,0,0,0,0,0,0,888
lat.Costa.1775.xml,0,0,0,0,929,0,0,0,0,0,0,0,1,0,0,0,0,0,5,0,0,137,0,34,0,0,0,0,0,0,0,190,0,0,0,0,0,0,0,0,0,0,0,0,0,0,0,0,0,939
fra.Guillory.1813.xml,0,0,0,0,0,0,0,0,0,0,0,0,1,0,0,0,0,0,1,0,0,111,0,12,0,0,0,0,0,0,0,0,0,0,0,0,0,0,0,0,0,0,1,0,0,0,0,0,0,0
ita.Giannini.1782.xml,0,0,0,0,816,0,0,0,0,0,0,0,1,0,0,0,0,0,2,0,0,128,0,33,0,0,0,0,0,0,8,204,0,0,0,0,0,0,0,0,0,0,0,0,0,0,0,0,0,827
ita.Lastri.1784.xml,0,0,2,0,926,0,0,0,0,0,0,0,1,0,0,0,0,0,2,2,0,129,0,32,0,0,31,3,0,0,4,199,0,0,0,2,0,0,0,0,0,0,0,0,0,0,0,0,0,932
fra.Montmorency.1797.xml,0,0,0,0,1370,0,0,0,0,0,0,0,3,0,0,0,0,0,3,0,0,173,0,33,0,0,0,0,0,0,6,228,0,0,0,1,0,0,0,0,0,0,0,0,0,0,0,0,1,1351
spa.PerezdelCamino.1822.xml,0,0,0,0,0,0,0,0,0,0,0,0,1,0,0,0,0,0,3,0,0,147,0,49,0,0,0,0,0,0,0,0,0,0,0,0,0,0,0,0,0,0,0,0,0,0,0,0,0,0
lat.Dupre.1793.xml,0,0,0,0,826,0,0,0,0,0,0,0,1,0,0,0,0,0,34,1,0,128,0,33,0,0,0,1,0,0,7,218,0,0,0,0,0,0,0,0,0,0,0,0,0,0,0,0,0,862
deu.Wied.1795.xml,0,0,0,0,877,0,0,0,0,0,0,0,1,0,0,0,0,0,2,0,0,128,0,33,0,0,0,0,0,0,4,203,0,0,0,0,0,0,0,0,0,0,0,0,0,0,0,0,0,882
por.Alorna.1844.xml,0,0,0,0,0,0,0,0,0,0,0,0,1,0,0,0,0,0,2,0,0,132,0,34,0,0,0,1,0,0,0,0,0,0,0,0,0,0,0,0,0,0,0,0,0,0,0,0,0,0
deu.Ploennies.1843.xml,0,0,0,0,0,0,0,0,0,0,0,0,1,0,0,0,0,0,2,0,0,128,0,33,0,0,0,0,0,0,0,0,0,0,0,0,0,0,0,0,0,0,0,0,0,0,0,0,0,0
spa.Anzu.1809.xml,0,0,0,0,0,0,0,0,0,0,0,0,1,0,0,0,0,0,2,0,0,234,0,31,0,0,0,0,0,0,0,0,0,0,0,0,0,0,0,0,0,0,1,0,0,0,0,0,0,0
deu.Anon.1772.xml,0,0,0,0,799,0,0,0,0,0,0,0,1,0,0,0,0,0,1,0,0,0,0,0,0,0,0,0,0,4,3,137,0,0,0,0,0,0,0,0,27,0,0,0,0,0,0,0,0,803
fra.Merlin.1788.xml,0,0,0,0,1405,0,0,0,0,0,0,0,1,0,0,0,0,0,1,0,0,181,0,34,0,0,0,0,0,0,9,272,0,0,0,0,0,0,0,0,0,0,0,0,0,0,0,0,0,1388
tgaen-welcc.xml,0,0,3,0,1010,0,0,0,0,0,0,0,1,4,0,0,0,0,2,0,0,146,1,33,1,0,0,3,0,0,0,207,0,0,0,1,0,0,0,0,0,0,0,0,0,0,0,0,0,1157
fra.Soulie.1813.xml,0,0,0,0,0,0,0,0,0,0,0,0,1,0,0,0,0,0,3,0,0,128,0,33,0,0,0,0,0,0,0,0,0,0,0,0,0,0,0,0,0,0,1,0,0,0,0,0,0,0
lat.Dickinson.1849.xml,0,0,0,0,0,0,0,0,0,0,0,0,1,0,0,0,0,0,2,0,0,128,0,33,0,0,0,0,0,0,0,0,0,0,0,0,0,0,0,0,0,0,0,0,0,0,0,0,0,0
deu.Kosegarten.1798.xml,0,0,0,0,890,0,0,0,0,0,0,0,1,0,0,0,0,0,3,0,0,128,0,33,0,0,0,0,0,0,5,191,0,0,0,0,0,0,0,0,0,0,0,0,0,0,0,0,0,893
fra.LD.1806.xml,0,0,0,0,0,0,0,0,0,0,0,0,1,0,0,0,0,0,2,0,0,128,0,33,0,0,0,0,0,0,0,0,0,0,0,0,0,0,0,0,0,0,0,0,0,0,0,0,0,0
hun.Deaky.1827.xml,0,0,0,0,0,0,0,0,0,0,0,0,1,0,0,0,0,0,2,0,0,128,0,33,0,0,0,0,0,0,0,0,0,0,0,0,0,0,0,0,0,0,0,0,0,0,0,0,0,0
lat.Anstey.1778.xml,0,0,0,0,824,0,0,0,0,0,0,0,1,0,0,0,0,0,3,0,0,132,0,33,0,0,0,0,0,0,0,178,0,0,0,0,0,0,0,0,0,0,0,0,0,0,0,0,0,829
fra.Grave.1789.xml,0,0,0,0,1184,0,0,0,0,0,0,0,2,0,0,0,0,0,3,0,0,0,0,0,0,0,32,1,0,32,6,187,0,0,0,0,0,0,0,0,0,0,0,0,0,0,0,0,0,1212
lat.Wheelwright.1811.xml,0,0,0,0,0,0,0,0,0,0,0,0,1,0,0,0,0,0,2,0,0,132,0,34,0,0,0,0,0,0,0,0,0,0,0,0,0,0,0,0,0,0,0,0,0,0,0,0,0,0
dan.Lund.1785.xml,0,0,0,0,327,0,0,0,0,0,0,0,1,0,0,0,0,0,1,0,0,72,0,9,0,0,0,0,0,0,2,57,0,0,0,0,0,0,0,0,0,0,1,0,0,0,0,0,0,329
lat.Bene.1817.xml,0,0,0,0,0,0,0,0,0,0,0,0,1,0,0,0,0,0,2,0,0,128,0,34,0,0,0,0,0,0,0,0,0,0,0,0,0,0,0,0,0,0,0,0,0,0,0,0,0,0
lat.Langrishe.1775.xml,0,0,0,1,807,0,0,0,0,0,0,0,1,0,0,0,0,0,2,0,0,128,0,33,0,0,0,0,0,0,4,169,0,0,0,0,0,0,0,0,0,0,0,0,0,0,0,0,0,813
lat.Kerr.1802.xml,0,0,0,1,882,0,0,0,0,0,0,0,1,0,0,0,0,0,3,0,0,140,0,34,0,0,0,0,0,0,7,223,0,0,0,0,0,0,0,0,0,0,0,0,0,0,0,0,0,881
deu.Rupprecht.1812.xml,0,0,0,0,0,0,0,0,0,0,0,0,1,0,0,0,0,0,34,0,0,128,0,33,0,0,0,0,0,0,0,0,0,0,0,0,0,0,0,0,0,0,0,0,0,0,0,0,0,0
ita.Trant.1817.xml,0,0,0,0,0,0,0,0,0,0,0,0,1,0,0,0,0,0,34,0,0,126,0,33,0,0,0,0,0,0,0,0,0,0,0,0,0,0,0,0,0,0,0,0,0,0,0,0,0,0
spa.Mitre.1839.xml,0,0,0,0,0,0,0,0,0,0,0,0,1,0,0,0,0,0,2,0,0,128,0,33,0,0,0,0,0,0,0,0,0,0,0,0,0,0,0,0,0,0,0,0,0,0,0,0,0,0
cym.JonesTL.1831.xml,0,0,0,0,0,0,0,0,0,0,0,0,1,0,0,0,0,0,2,0,0,128,0,33,0,0,0,0,0,0,0,0,0,0,0,0,0,0,0,0,0,0,0,0,0,0,0,0,0,0
fra.Chenier.1805.xml,0,0,0,0,947,0,0,0,0,0,0,0,1,0,0,0,0,0,2,0,0,122,0,41,0,0,0,0,0,0,4,161,0,0,0,0,0,0,0,0,0,0,0,0,0,0,0,0,0,948
fra.Kerivalant.1804.xml,0,0,0,0,1007,0,0,0,0,0,0,0,1,0,0,0,0,0,3,0,0,128,0,33,0,0,0,0,0,0,0,196,0,0,0,0,0,0,0,0,0,0,0,0,0,0,0,0,0,1010
ita.Bono.1815.xml,0,0,0,0,0,0,0,0,0,0,0,0,3,0,0,0,0,0,2,0,0,0,0,0,0,0,0,0,0,2,0,0,0,0,0,0,0,0,0,0,32,0,0,0,0,0,0,0,0,0
fra.Chateaubriand.1797.xml,0,0,0,0,813,0,0,0,0,0,0,0,1,0,0,0,0,0,2,0,0,105,0,29,0,0,0,0,0,0,3,122,0,0,0,0,0,0,0,0,0,0,0,0,0,0,0,0,0,816
ron.Asachi.1812.xml,0,0,0,0,0,0,0,0,0,0,0,0,1,0,0,0,0,0,2,0,0,128,0,33,0,0,0,0,0,0,0,0,0,0,0,0,0,0,0,0,0,0,0,0,0,0,0,0,0,0
ita.Leoni.1815.xml,0,0,0,0,0,0,0,0,0,0,0,0,1,0,0,0,0,0,1,0,0,168,0,39,0,0,0,0,0,0,0,0,0,0,0,0,0,0,0,0,0,0,0,0,0,0,0,0,0,0
deu.Seume.1796.xml,0,0,0,0,844,0,0,0,0,0,0,0,1,0,0,0,0,0,3,0,0,124,0,32,0,0,0,0,0,0,4,167,0,0,0,0,0,0,0,0,0,0,0,0,0,0,0,0,0,853
fra.Cottreau.1811.xml,0,0,1,0,0,0,0,0,0,0,0,0,1,0,1,0,0,0,34,0,0,130,0,33,0,0,0,0,0,0,0,0,0,0,0,0,0,0,0,0,0,0,0,0,0,0,0,0,0,0
lat.Anstey.1762.xml,0,0,0,0,828,0,0,0,0,0,0,0,1,0,0,0,0,0,3,1,0,132,0,33,0,0,0,0,0,0,7,178,0,0,0,0,0,0,0,0,0,0,0,0,0,0,0,0,1,833
fra.Marvint.1828.xml,0,0,0,0,0,0,0,0,0,0,0,0,1,0,0,0,0,0,2,0,0,128,0,33,0,0,0,0,0,0,0,0,0,0,0,0,0,0,0,0,0,0,0,0,0,0,0,0,0,0
fra.Sapinaud.1822.xml,0,0,0,0,0,0,0,0,0,0,0,0,1,0,0,0,0,0,2,0,0,132,0,34,0,0,0,0,0,0,0,0,0,0,0,0,0,0,0,0,0,0,0,0,0,0,0,0,0,0
ita.Gennari.1772.xml,0,0,0,0,1277,0,0,0,0,0,0,0,1,0,0,0,0,0,2,0,0,191,0,61,0,0,32,0,0,0,6,247,0,0,0,0,0,0,0,0,0,0,0,0,0,0,0,0,0,1303
lat.Venturi.1817.xml,0,0,0,0,0,0,0,0,0,0,0,0,1,0,0,0,0,0,2,0,0,128,0,33,0,0,0,0,0,0,0,0,0,0,0,0,0,0,0,0,0,0,0,0,0,0,0,0,0,0
por.Azevedo.1792.xml,0,0,0,0,830,0,0,0,0,0,0,0,1,0,0,0,0,0,2,0,0,128,0,33,0,0,32,0,0,0,7,163,0,0,0,0,0,0,0,0,0,0,0,0,0,0,0,0,0,843
lat.Shelley.1808.xml,0,0,0,0,0,0,0,0,0,0,0,0,1,0,0,0,0,0,1,0,0,24,0,6,0,0,0,0,0,0,0,0,0,0,0,0,0,0,0,0,0,0,0,0,0,0,0,0,0,0
fra.Lemierre.1798.xml,0,0,0,0,1449,0,0,0,0,0,0,0,2,0,0,0,0,0,2,0,0,4,0,0,0,0,0,6,0,32,7,193,0,0,0,1,0,0,0,0,0,0,0,0,0,0,0,0,1,1483
fra.Villeneuve.1770.xml,0,0,0,0,1103,0,0,0,0,0,0,0,1,0,0,0,0,0,2,0,0,140,0,35,0,0,0,0,0,0,5,205,0,0,0,0,0,0,0,0,0,0,1,0,0,0,0,0,0,1090
ita.Cavazzocca.1835.xml,0,0,0,0,0,0,0,0,0,0,0,0,1,0,0,0,0,0,2,0,0,155,0,36,0,0,0,0,0,0,0,0,0,0,0,0,0,0,0,0,0,0,0,0,0,0,0,0,0,0
ita.Vitali.1841.xml,0,0,0,0,0,0,0,0,0,0,0,0,3,0,0,0,0,0,2,0,0,0,0,0,0,0,0,0,0,32,0,0,0,0,0,0,0,0,0,0,0,0,0,0,0,0,0,0,0,0
ita.Mancini.1825.xml,0,0,0,0,0,0,0,0,0,0,0,0,1,0,0,0,0,0,38,0,0,144,0,37,0,0,0,0,0,0,0,0,0,0,0,0,0,0,0,0,0,0,0,0,0,0,0,0,0,0
ita.Cesarotti.1772.xml,0,0,0,1,1281,0,0,0,0,0,0,0,1,0,0,0,0,0,1,0,0,198,0,32,0,0,32,12,0,0,7,214,0,0,0,0,0,0,0,0,0,0,0,0,0,0,0,0,0,1294
fra.Haiiy.1802.xml,0,0,0,0,1052,0,0,0,0,0,0,0,2,0,0,0,0,0,3,0,0,0,96,0,0,0,0,0,0,32,8,155,0,0,0,0,0,0,0,0,0,0,0,0,0,0,0,0,0,1086
cym.Davis.1798.xml,0,0,0,0,1352,0,0,0,0,0,0,0,1,0,1,0,0,0,3,0,0,261,0,33,0,0,0,0,0,0,7,393,0,0,0,1,0,0,0,0,0,0,0,0,0,0,0,0,0,1352
fra.Gaston.1804.xml,0,0,0,0,1231,0,0,0,0,0,0,0,1,0,0,0,0,0,3,0,0,163,0,39,0,0,0,0,0,0,3,223,0,0,0,0,0,0,0,0,0,0,1,0,0,0,0,0,0,1223
fra.Cabanis.1797.xml,0,0,0,0,1336,0,0,0,0,0,0,0,1,0,0,0,0,0,2,0,0,0,0,0,0,0,0,0,0,28,9,201,0,0,0,0,0,0,0,0,7,0,0,0,0,0,0,0,0,1365
